run,t,x,y,vx,vy
0,0,0,0,1,1
0,1,0.826016,1.16298,1.14983,1.4327
0,2,1.7101,1.96074,0.364134,0.844176
0,3,3.12413,2.70619,1.02524,0.949561
0,4,4.00703,3.86473,0.831839,0.962854
0,5,5.07022,4.75717,1.04505,0.989043
0,6,6.35868,5.96688,0.833956,1.60482
0,7,6.35915,7.35396,1.24638,0.651833
0,8,8.35738,8.11798,0.877797,0.633597
0,9,9.179,8.77725,0.564296,0.888345
0,10,9.85408,10.0211,0.944258,1.37972
0,11,11.2208,10.9457,0.713148,1.37584
0,12,12.2484,12.8398,1.08331,1.51913
0,13,13.1457,13.0272,0.522552,1.22814
0,14,13.7333,13.8377,0.986234,0.91295
0,15,14.5058,14.7484,1.29425,1.21431
0,16,16.2208,16.0549,1.20941,1.07624
0,17,16.9468,17.3683,0.922295,0.756631
0,18,18.3833,18.39,0.502252,1.20172
0,19,18.3536,19.3382,0.704744,1.24797
1,0,0,0,1,1
1,1,0.69644,0.997601,0.913876,0.90774
1,2,2.03857,1.84353,0.53154,1.17813
1,3,3.19179,2.98655,1.63297,1.23581
1,4,3.61973,4.09288,1.56839,0.687466
1,5,4.57221,5.536,1.04879,1.3312
1,6,5.65536,5.932,0.783956,0.807562
1,7,6.80939,7.33932,0.534845,0.334839
1,8,7.88334,8.11231,1.30653,0.9154
1,9,8.97031,8.61984,0.535211,1.21513
1,10,10.0908,9.89109,1.02074,1.26662
1,11,11.2755,10.4954,0.813183,1.40518
1,12,11.8056,12.0282,1.46485,0.893064
1,13,13.456,13.026,1.23821,0.944904
1,14,13.9133,14.0382,1.04547,0.993839
1,15,15.2768,15.0551,0.936819,1.14188
1,16,15.836,15.4928,1.23702,1.01193
1,17,16.9008,17.1919,1.07992,1.23284
1,18,17.9461,18.0961,1.66148,0.977832
1,19,18.4327,19.0747,0.66519,1.21072
2,0,0,0,1,1
2,1,0.85269,0.978777,0.636693,1.14719
2,2,1.67284,1.72589,0.631544,1.30489
2,3,3.37809,3.16652,0.589719,1.04117
2,4,4.17693,3.75587,1.09563,0.205642
2,5,4.98972,4.81706,0.863485,0.761312
2,6,6.11119,6.13135,1.34757,0.883926
2,7,7.23083,6.92185,0.970843,0.507234
2,8,7.63754,8.20204,0.610254,1.2729
2,9,8.18495,9.1024,1.09455,0.978723
2,10,10.2183,9.80872,1.43865,1.23059
2,11,11.1543,10.8519,1.03332,1.14084
2,12,12.301,12.1365,1.51766,1.29372
2,13,12.5544,12.7829,1.31364,1.04018
2,14,14.2605,14.1092,1.68639,0.953614
2,15,14.7915,14.8151,1.14867,1.2821
2,16,16.2045,16.3509,0.752571,0.784649
2,17,17.2406,17.1976,0.855563,0.894605
2,18,18.1765,18.4403,1.13921,0.604914
2,19,19.1891,19.134,0.833601,0.870996
3,0,0,0,1,1
3,1,1.33723,0.615599,1.16986,0.970332
3,2,1.98743,2.27255,0.730928,1.43904
3,3,3.16021,2.93108,1.38233,1.1322
3,4,3.8239,4.21689,1.61492,1.32141
3,5,5.25067,5.0327,0.766945,1.16101
3,6,5.85797,6.42307,1.18085,1.02398
3,7,7.15946,6.88401,1.3858,0.855326
3,8,7.38341,8.44832,1.13572,0.866972
3,9,9.27891,8.62872,0.812794,1.04337
3,10,9.74682,10.4626,0.94416,0.536188
3,11,11.491,11.0833,1.24776,1.16345
3,12,12.3554,12.4823,1.52915,0.916667
3,13,12.9915,13.692,1.28766,1.06649
3,14,14.5662,14.0693,0.836185,0.956906
3,15,15.1022,14.7468,0.62381,1.04928
3,16,16.0618,15.6442,1.95159,1.55662
3,17,16.7075,17.2873,1.34315,0.82839
3,18,17.7132,18.1265,1.13592,1.12961
3,19,19.5949,18.9585,1.32281,0.746123
4,0,0,0,1,1
4,1,1.27014,0.645193,0.936966,0.754586
4,2,2.16981,1.80855,0.90541,0.954753
4,3,3.13452,2.70455,1.01587,0.606855
4,4,3.5098,4.10524,0.908173,1.11222
4,5,5.20175,4.98081,0.91147,0.600538
4,6,5.45995,5.904,0.543312,1.47056
4,7,7.58468,6.43537,1.32659,0.923053
4,8,8.32932,8.03089,1.07686,0.86947
4,9,9.2401,9.29807,0.674352,1.01657
4,10,9.91169,10.4375,1.23969,0.975583
4,11,11.0644,10.8256,1.0167,0.89689
4,12,11.7352,11.7428,1.44645,1.30459
4,13,12.897,13.3473,0.536117,1.10043
4,14,14.3146,13.5846,0.775351,1.0737
4,15,15.2443,14.6725,0.641612,0.732133
4,16,16.1501,16.0973,1.1283,0.468992
4,17,16.9016,16.5706,1.25807,1.3213
4,18,18.4698,18.4818,0.741367,0.764842
4,19,19.5605,19.3317,0.760478,1.14038
5,0,0,0,1,1
5,1,0.859863,1.35427,0.495587,0.727789
5,2,2.20108,1.59694,0.208798,1.11039
5,3,3.39499,2.78106,0.760341,1.30518
5,4,4.0291,4.60943,1.07072,0.281026
5,5,4.83659,5.11418,1.32708,1.0415
5,6,6.28131,5.98731,0.355933,0.800089
5,7,7.10716,7.10184,1.18752,0.934679
5,8,8.10222,7.3914,0.717925,0.814163
5,9,8.74944,9.23458,0.960731,0.750808
5,10,9.60714,9.54282,1.27491,1.26581
5,11,10.6475,11.2989,0.950248,1.24978
5,12,12.1358,11.6684,1.02426,1.13317
5,13,12.6599,13.1517,1.14254,0.9596
5,14,13.7688,14.1251,1.35898,0.662157
5,15,14.4841,15.3823,0.885879,1.64301
5,16,15.7572,15.717,1.02336,1.24018
5,17,16.6753,17.1945,1.1994,0.374364
5,18,18.5217,17.5358,0.998401,1.69624
5,19,18.1901,18.9196,0.549771,0.512527
6,0,0,0,1,1
6,1,0.490272,0.839534,0.792134,1.10281
6,2,1.96859,2.14038,1.52792,0.956338
6,3,3.64561,2.79503,1.11733,1.18866
6,4,4.36076,3.76805,1.36647,0.998475
6,5,5.06365,5.18068,0.0844776,1.28873
6,6,5.69677,6.14893,0.549586,0.702941
6,7,7.39333,6.68133,1.04401,0.639957
6,8,8.05332,7.8547,0.700018,0.356182
6,9,8.83169,9.09999,0.963616,0.581688
6,10,9.9207,10.2339,1.43496,1.03909
6,11,11.0914,10.5906,1.15506,1.28528
6,12,11.8712,12.9202,1.01347,1.43673
6,13,12.6446,12.9231,1.30671,0.739656
6,14,13.6083,13.6023,0.716556,1.18837
6,15,15.1897,15.1206,0.894822,1.31134
6,16,16.2136,16.3121,0.969134,0.821591
6,17,17.327,16.5702,0.862574,0.612649
6,18,17.9676,17.6045,1.12939,0.883532
6,19,18.5533,18.4101,1.18647,1.13847
7,0,0,0,1,1
7,1,1.50473,0.949297,1.19126,0.777315
7,2,1.96218,1.98525,0.758192,1.18298
7,3,2.65761,3.39696,0.60106,0.869099
7,4,3.70566,3.88938,1.23203,1.06366
7,5,5.67303,4.98171,1.20319,0.997208
7,6,5.75524,6.25613,0.871237,0.723336
7,7,7.12997,6.85256,1.03068,1.13723
7,8,7.85,8.1104,0.779046,1.09683
7,9,8.56891,9.06992,1.09219,1.2839
7,10,10.0811,10.1513,1.11262,1.70684
7,11,10.7072,10.4732,1.06657,1.12068
7,12,12.1399,12.095,1.13158,0.801417
7,13,13.1582,12.8376,0.650917,0.715303
7,14,14.0312,14.2803,0.928725,0.987167
7,15,14.7716,15.0219,0.356204,1.57873
7,16,15.7468,15.9555,1.01796,1.39915
7,17,16.4643,17.3173,1.17706,1.35717
7,18,17.4028,17.2258,0.87055,1.39293
7,19,19.4553,19.2371,0.951891,0.27274
8,0,0,0,1,1
8,1,0.917069,1.01905,0.805576,1.2316
8,2,1.79319,1.40437,1.08425,0.675171
8,3,2.68299,2.74968,0.804415,1.00716
8,4,4.27377,3.62402,0.82037,1.38325
8,5,5.21329,4.8698,1.60689,1.09035
8,6,6.36206,5.62213,0.722644,0.789269
8,7,7.10591,7.17647,0.430764,0.878945
8,8,8.22368,7.68471,0.445984,1.04995
8,9,9.00428,9.1156,0.919843,1.34203
8,10,9.34325,10.127,1.65656,0.892363
8,11,11.3014,11.3136,0.802005,0.745003
8,12,12.4728,12.5242,1.1107,0.805293
8,13,12.8265,13.5143,0.858404,1.16849
8,14,14.3309,14.0811,1.0931,0.533547
8,15,14.5748,14.7696,1.22426,1.08796
8,16,15.822,15.9479,1.29225,0.746387
8,17,17.2648,17.0494,1.22453,0.509073
8,18,18.1944,18.0096,0.833199,1.47588
8,19,18.5131,19.1154,1.03425,0.45727
9,0,0,0,1,1
9,1,1.03461,0.349658,1.0231,1.21403
9,2,2.00525,2.18449,1.05205,1.40602
9,3,3.16269,3.13983,1.14339,0.6814
9,4,3.67615,4.03165,0.651107,1.11431
9,5,4.85029,4.85966,0.922203,1.54647
9,6,5.86479,5.97534,0.862247,1.66382
9,7,7.34169,6.90353,0.801507,1.07206
9,8,8.33398,8.25171,1.26138,0.639822
9,9,8.86927,8.52037,0.71943,1.55662
9,10,10.1548,10.1222,1.02464,1.06042
9,11,10.9361,10.8694,0.842468,0.733426
9,12,12.0652,11.9937,0.713525,1.1613
9,13,12.6608,13.1871,1.45645,1.34273
9,14,14.0661,13.9378,0.911086,0.936829
9,15,14.938,14.8652,0.779519,1.35626
9,16,15.9151,16.1643,0.827436,0.953322
9,17,17.1711,16.448,1.16552,0.878376
9,18,18.2019,17.9992,1.0921,0.600365
9,19,18.4865,19.1058,1.30564,1.33162
10,0,0,0,1,1
10,1,0.90397,1.08778,1.38564,0.906702
10,2,1.86111,2.70434,0.864165,1.06133
10,3,3.02768,3.66496,0.137813,0.873324
10,4,3.91552,3.46471,0.61003,0.59577
10,5,5.20159,5.5856,0.858192,0.118854
10,6,5.98035,6.14968,1.26235,1.16724
10,7,7.28657,7.05565,0.850101,1.78147
10,8,8.24989,8.50327,0.985942,1.09017
10,9,8.3422,9.36409,0.870385,1.55643
10,10,10.3373,10.3383,1.18621,1.55182
10,11,11.2736,10.8254,1.06517,1.2626
10,12,11.6904,12.362,0.961285,0.84194
10,13,13.0154,12.3907,0.360328,1.16843
10,14,14.0936,13.4041,1.24472,1.28498
10,15,15.0736,15.6033,1.37374,0.869974
10,16,16.0695,15.8149,0.884168,0.987482
10,17,17.1907,17.1597,1.22572,1.19676
10,18,18.1731,17.4108,0.476686,0.579743
10,19,19.1802,18.8843,1.22473,0.991568
11,0,0,0,1,1
11,1,1.28056,1.14484,0.885194,1.54672
11,2,2.34254,1.98958,1.20031,1.47786
11,3,2.89076,3.20497,1.00451,0.916092
11,4,4.11364,3.9992,1.46939,1.23714
11,5,4.94161,4.65983,1.06702,1.12232
11,6,6.04548,6.25032,1.09685,1.10998
11,7,7.10884,6.86748,0.63405,1.32048
11,8,7.3876,7.95574,1.23034,1.127
11,9,8.60102,8.70131,1.18816,1.53895
11,10,9.71387,9.91262,1.20969,0.897039
11,11,11.1688,11.1248,1.43385,0.436703
11,12,11.8041,12.2983,0.621728,1.26457
11,13,13.1211,12.8654,1.33895,1.63842
11,14,13.9093,13.948,1.09831,0.927201
11,15,15.4443,14.717,0.888273,1.05412
11,16,16.2419,15.8137,0.669501,1.2089
11,17,17.5374,17.4637,1.11879,0.633733
11,18,18.0975,18.1734,0.987799,0.671718
11,19,18.6137,19.4993,0.719463,1.13982
12,0,0,0,1,1
12,1,0.779725,0.757628,0.969994,0.0636751
12,2,1.51396,1.62943,1.07443,1.12766
12,3,3.14831,2.95698,1.25179,1.5193
12,4,4.34205,4.40038,1.09861,1.0121
12,5,5.68542,4.81092,1.31655,0.719452
12,6,6.57236,6.11287,1.0423,0.611411
12,7,7.10209,6.67805,0.602296,0.845246
12,8,8.2267,7.72923,1.11779,1.09258
12,9,8.8481,8.97583,0.942655,1.0955
12,10,10.4528,9.28739,1.35681,1.14356
12,11,11.2272,10.8925,1.32968,1.02207
12,12,12.6357,11.8587,1.18459,1.04267
12,13,13.3307,12.7501,0.97425,0.790809
12,14,13.5521,13.6927,1.01664,1.35138
12,15,15.1705,15.2437,0.820997,1.16452
12,16,16.1264,15.7717,1.1144,1.13105
12,17,16.527,17.0847,0.511188,1.49369
12,18,17.3239,18.3624,1.73914,0.730275
12,19,19.2909,18.9445,0.74167,2.12535
13,0,0,0,1,1
13,1,1.06923,1.56072,0.67233,0.781175
13,2,1.63883,2.35097,0.284281,0.744888
13,3,2.62351,3.0352,1.06285,0.949994
13,4,4.09566,3.57628,0.834158,0.575065
13,5,4.65805,4.76412,1.02337,0.51484
13,6,5.9721,6.26278,1.03125,1.11729
13,7,7.11764,6.88572,0.63157,1.0605
13,8,7.52538,7.9694,0.0105018,0.44492
13,9,9.52619,8.44243,1.11308,1.00248
13,10,10.0754,10.0685,0.393018,1.22419
13,11,11.0156,10.4454,0.751381,0.888011
13,12,12.2713,12.3211,1.41256,1.1138
13,13,12.8224,12.7911,0.981527,1.18289
13,14,14.0514,14.3299,1.12472,0.779536
13,15,14.9696,15.1339,0.255884,0.753486
13,16,15.5091,16.3087,1.1332,1.39663
13,17,17.2673,17.1469,0.934735,1.23633
13,18,18.014,17.6882,1.39976,0.935179
13,19,18.961,18.4748,1.3461,0.785647
14,0,0,0,1,1
14,1,1.54915,0.519865,0.817966,0.74959
14,2,2.41866,2.08716,1.26305,1.14969
14,3,3.07044,3.19672,1.50933,0.669543
14,4,4.15018,3.74271,1.45554,1.25786
14,5,4.68276,4.56657,0.803099,1.33299
14,6,5.54393,5.58974,0.848854,1.14778
14,7,7.36584,7.01433,0.779885,0.786851
14,8,7.83458,8.37187,1.42096,1.05678
14,9,8.82064,9.08849,0.803308,1.06925
14,10,9.98006,9.8585,0.173807,0.267959
14,11,10.4741,10.5323,1.10353,1.53902
14,12,11.7899,11.9587,1.31045,0.776319
14,13,12.5742,13.1098,1.03636,0.732179
14,14,13.1293,14.089,1.02102,0.999817
14,15,15.3291,14.4903,1.12053,1.15318
14,16,16.2382,16.0489,0.994609,1.18522
14,17,17.2653,17.3415,1.00234,0.988536
14,18,17.9066,17.8486,1.21207,1.20507
14,19,18.9003,18.8733,1.13706,1.37037
15,0,0,0,1,1
15,1,1.50259,1.35639,0.0761234,0.74932
15,2,1.5924,2.38442,1.35297,1.15882
15,3,2.6364,2.74916,1.06403,1.38334
15,4,3.77596,3.10505,0.866586,1.27055
15,5,5.37594,4.91955,0.804326,1.11817
15,6,6.154,5.58246,1.27553,1.04451
15,7,6.84095,7.27675,0.570736,0.158859
15,8,8.17753,8.56645,1.00113,1.13174
15,9,9.50726,8.67129,1.26114,0.886153
15,10,9.91551,9.92873,1.24813,1.31069
15,11,10.6744,10.9356,1.01062,1.05871
15,12,12.1839,11.9575,0.881764,0.697171
15,13,12.8779,12.9142,0.769521,0.694766
15,14,13.7913,14.0892,1.19493,0.572522
15,15,15.6504,15.3425,0.822618,1.18959
15,16,15.7607,15.8301,1.441,0.572763
15,17,17.3066,17.0907,1.42731,1.11242
15,18,18.1202,18.8042,0.69008,1.08287
15,19,18.8131,18.6242,1.14145,1.68189
16,0,0,0,1,1
16,1,0.545689,1.05838,0.874128,1.29714
16,2,1.84714,1.5783,0.871133,1.24279
16,3,3.07629,3.25769,0.703441,0.869101
16,4,3.7191,4.25758,1.21935,1.01802
16,5,4.97607,5.2987,1.40184,0.743511
16,6,6.31664,6.08726,1.0809,0.188013
16,7,6.60225,6.72051,1.21948,1.08911
16,8,7.80739,7.6469,0.999007,1.08197
16,9,8.63185,8.33019,1.46152,0.546141
16,10,9.65677,10.0408,0.783046,1.09432
16,11,11.1554,11.2604,1.27305,1.08317
16,12,11.7038,12.3728,0.68018,0.365083
16,13,12.4638,12.8111,1.54953,1.2964
16,14,13.9398,14.1513,0.661377,1.3232
16,15,15.2786,15.1083,0.959489,0.530352
16,16,15.7628,16.2243,1.15287,1.06927
16,17,16.9437,16.8917,1.17431,0.713279
16,18,17.6536,17.9398,1.21292,1.72993
16,19,19.2701,18.8712,1.11959,1.14055
17,0,0,0,1,1
17,1,1.16507,1.36592,0.981192,1.08823
17,2,2.10442,2.04703,1.04405,0.552561
17,3,3.25286,3.45198,1.02361,1.27063
17,4,4.10319,4.05409,1.53364,1.33789
17,5,4.48277,4.85641,0.847609,1.02592
17,6,5.67303,5.66707,0.618366,0.593955
17,7,7.19332,7.2669,0.927682,0.674943
17,8,7.92982,8.31989,0.976347,0.491829
17,9,9.14329,9.30471,0.617489,1.68372
17,10,10.1657,9.79012,1.33414,1.30825
17,11,11.0563,11.3074,1.59965,0.866586
17,12,11.981,12.1305,1.17288,1.05447
17,13,13.1366,12.7176,1.38781,0.896963
17,14,13.7504,13.5506,1.47629,1.28079
17,15,14.9348,15.3722,0.979769,0.334523
17,16,15.6047,16.2694,1.08762,1.11512
17,17,16.9376,16.5141,0.789428,1.66794
17,18,17.943,18.1253,1.81014,1.26081
17,19,18.7224,19.4823,1.06647,0.580928
18,0,0,0,1,1
18,1,1.23448,1.28183,1.42959,1.23457
18,2,2.06389,2.52219,1.05877,1.12393
18,3,3.03857,2.5764,0.977664,1.10973
18,4,4.266,3.96238,1.12256,0.953908
18,5,4.16234,5.02427,1.0097,0.636972
18,6,6.24955,5.72168,0.866933,0.960559
18,7,7.20237,6.77889,1.02769,0.119158
18,8,8.08264,8.27582,1.53973,1.02554
18,9,8.90046,9.48114,1.10405,0.999822
18,10,9.81353,10.4658,1.02004,1.15718
18,11,11.3746,10.6875,0.964611,0.913737
18,12,11.9607,12.0029,0.448966,0.59492
18,13,13.0705,12.8709,1.15916,1.00157
18,14,14.1234,14.3172,1.02087,1.44013
18,15,14.8881,14.8374,1.23676,0.605772
18,16,16.1387,15.8456,1.0783,0.752345
18,17,17.1065,17.2203,1.18784,1.14337
18,18,17.8727,17.9977,1.07033,1.07305
18,19,18.4842,19.2741,1.24098,1.18616
19,0,0,0,1,1
19,1,0.80507,1.97033,0.511272,1.10101
19,2,2.13024,2.05529,1.23656,0.982508
19,3,3.08201,2.93758,1.03612,0.808697
19,4,3.21132,4.34971,0.537868,1.25501
19,5,5.19598,5.16487,0.876378,1.27748
19,6,6.15932,5.73562,1.06579,0.87505
19,7,6.63365,7.23185,1.56,1.24798
19,8,8.11227,7.98664,0.767275,0.865818
19,9,8.51547,9.29412,1.28022,1.24644
19,10,9.69403,10.2466,0.921374,1.59765
19,11,11.3518,10.8117,0.89922,1.1282
19,12,12.2284,12.3322,0.606691,1.22615
19,13,13.0964,12.3241,1.19485,1.02872
19,14,14.0929,13.8613,1.10083,0.926548
19,15,15.0387,14.842,1.10445,1.12036
19,16,15.7219,16.2443,0.51398,0.899726
19,17,16.7556,16.448,0.525755,1.33726
19,18,18.288,17.6457,0.99605,1.55967
19,19,18.7371,18.4215,0.930642,1.85724
20,0,0,0,1,1
20,1,0.41774,1.74372,1.56665,0.869123
20,2,1.89247,2.19133,0.288297,1.22995
20,3,3.04021,3.24293,1.15066,1.26777
20,4,4.94984,3.89336,0.608618,0.850871
20,5,4.95075,5.55523,0.906956,0.830894
20,6,5.91585,6.07984,1.11257,0.456012
20,7,7.25568,7.33651,1.22898,0.932455
20,8,7.66837,7.73582,0.665758,0.381572
20,9,8.82429,9.09407,0.828987,1.1557
20,10,9.72167,9.98328,0.867773,0.763122
20,11,10.6795,11.5003,1.73179,0.521913
20,12,12.4548,11.9825,1.46772,1.37255
20,13,13.9778,13.1777,1.43868,0.70457
20,14,13.8358,13.6764,0.859204,1.54708
20,15,14.4174,14.743,0.747862,0.776554
20,16,16.2077,15.9511,1.06803,0.63356
20,17,17.2501,17.3481,1.07198,0.933141
20,18,17.5228,17.6052,1.05428,0.417882
20,19,18.5392,18.7576,0.729348,0.799972
21,0,0,0,1,1
21,1,0.879932,0.996519,1.25333,1.21925
21,2,2.27232,2.27542,0.967954,0.727824
21,3,3.02468,3.30187,0.956141,1.0845
21,4,4.2464,4.14007,1.03072,1.44563
21,5,5.19549,5.01291,0.645087,0.776128
21,6,5.98412,5.97939,0.708675,1.17162
21,7,7.28893,6.79168,1.33398,0.912426
21,8,8.2205,8.20598,1.34292,1.37647
21,9,9.36829,9.43866,1.13891,0.989141
21,10,10.3989,10.3589,1.23538,1.27828
21,11,10.8546,11.4944,0.780634,1.09306
21,12,12.0083,12.0998,0.907954,0.585221
21,13,12.6562,12.8287,1.263,0.517
21,14,13.6179,14.6381,1.07593,0.93861
21,15,15.2738,14.819,0.922791,1.1022
21,16,16.0186,16.3135,1.02557,0.819718
21,17,16.8597,17.4495,1.4634,1.6966
21,18,18.1048,18.3099,0.754051,0.930465
21,19,19.4695,19.3964,1.77268,1.09169
22,0,0,0,1,1
22,1,1.09105,1.47775,0.872106,1.26497
22,2,2.31328,2.09941,1.0944,1.04719
22,3,3.02745,3.40257,1.02662,1.18416
22,4,4.17225,4.35156,1.27761,0.8358
22,5,5.23116,5.09106,1.15439,0.701641
22,6,5.97649,5.7647,0.984061,0.852452
22,7,6.91215,7.34671,1.28502,1.04056
22,8,7.95616,8.05718,1.36714,0.834765
22,9,8.89277,9.26492,1.33164,1.07819
22,10,9.13312,10.4079,1.34599,0.784147
22,11,10.6241,11.4062,1.11205,0.694596
22,12,12.0143,11.8662,0.853182,0.56332
22,13,12.7675,13.1267,0.516186,1.07522
22,14,14.0618,13.7712,0.656634,1.15644
22,15,14.8148,15.4188,1.21461,0.6993
22,16,15.6538,16.0292,1.0773,1.06204
22,17,17.4431,16.6049,0.891241,1.32459
22,18,18.2939,18.1146,0.584651,0.887755
22,19,19.3527,19.1406,1.13588,0.303388
23,0,0,0,1,1
23,1,1.11876,1.26628,0.621454,0.413079
23,2,2.6074,2.30098,1.48564,0.923534
23,3,3.02691,2.9127,0.868403,1.23428
23,4,3.89728,3.89125,1.44435,0.490017
23,5,5.49994,5.37377,1.57117,0.783711
23,6,6.14511,6.07415,1.01743,1.27633
23,7,7.64638,6.92336,1.08334,0.506838
23,8,7.93314,8.07566,1.02879,1.17773
23,9,9.29863,9.42279,0.544429,0.633103
23,10,9.88557,10.198,0.859515,1.054
23,11,10.7701,11.2149,0.533761,0.923865
23,12,11.895,11.9445,1.43416,1.16181
23,13,12.8128,12.8499,0.65402,0.978434
23,14,13.831,14.1876,1.09392,1.65935
23,15,14.8671,14.5896,1.5836,1.44395
23,16,15.339,16.1552,1.17855,1.16759
23,17,16.7289,17.1945,0.560731,0.799281
23,18,17.7958,18.0008,0.464489,0.624524
23,19,19.3403,18.8925,1.28301,0.875275
24,0,0,0,1,1
24,1,0.801933,0.735668,0.747682,0.63386
24,2,2.05642,1.64831,0.865353,0.94448
24,3,2.7645,2.70968,1.01739,0.810894
24,4,3.72228,4.2167,1.49832,0.993822
24,5,4.95594,4.97915,0.723018,1.00192
24,6,5.35676,5.92958,0.800629,0.492929
24,7,7.62408,6.77637,0.917983,1.69388
24,8,7.78034,7.60308,0.482464,1.23127
24,9,8.35449,9.32258,1.53665,0.829528
24,10,9.75395,10.1254,1.51215,1.41945
24,11,11.083,11.5137,1.15944,0.991935
24,12,11.9078,11.7236,0.504127,1.21139
24,13,12.9958,12.7892,0.453036,0.376374
24,14,13.6821,13.9307,0.81461,0.570635
24,15,14.9583,14.1692,1.09682,0.597412
24,16,15.8618,15.7289,0.669452,1.51606
24,17,17.1688,16.9826,0.790273,0.788644
24,18,18.0928,17.706,0.716189,0.709946
24,19,18.5849,18.9948,0.841527,0.593138
25,0,0,0,1,1
25,1,1.34043,1.12123,0.851917,1.12229
25,2,2.07301,2.04465,1.01845,1.40783
25,3,2.95556,2.57327,1.03186,0.626299
25,4,3.74738,4.33683,1.15879,0.86498
25,5,4.92518,5.59001,1.44333,1.35519
25,6,6.09831,5.59297,0.445766,0.969693
25,7,6.84747,6.94831,1.19842,0.919278
25,8,7.73604,8.05564,0.993949,1.34388
25,9,8.55105,8.48437,0.4382,0.83064
25,10,10.2715,10.1521,1.10576,0.376619
25,11,10.9534,11.3669,0.960364,0.85747
25,12,11.9487,11.6983,0.220033,1.20976
25,13,12.8328,13.1521,0.859829,1.35201
25,14,14.0547,13.5281,1.23095,1.32437
25,15,15.3862,14.5729,0.979737,0.941045
25,16,15.8686,15.9075,0.534836,0.800457
25,17,16.9411,16.9314,0.667333,0.667632
25,18,17.9235,18.2756,0.865988,1.32435
25,19,18.8693,19.2844,0.758229,0.865166
26,0,0,0,1,1
26,1,1.44433,0.843211,1.03761,0.631105
26,2,1.94584,1.81885,0.625937,0.652481
26,3,3.61875,3.15017,0.948567,1.1887
26,4,4.29138,3.75151,0.60121,1.30654
26,5,5.10038,5.25096,0.820562,0.649601
26,6,5.40793,6.51432,0.850808,0.81265
26,7,5.983,7.16267,0.403396,1.04472
26,8,8.32576,8.04191,0.974873,0.534839
26,9,9.48757,8.60136,0.763929,1.31595
26,10,10.0906,10.8948,1.23853,1.4377
26,11,10.6658,11.3229,0.987686,0.73524
26,12,12.2169,11.5049,0.877962,1.03784
26,13,12.734,12.8852,1.28488,0.883608
26,14,13.9306,14.0141,0.740391,0.377387
26,15,15.0607,15.0066,1.40298,0.683063
26,16,15.5602,15.6477,1.00344,1.33257
26,17,16.648,16.6594,1.40401,0.505529
26,18,17.4203,18.0904,1.34376,1.11505
26,19,18.8179,18.5819,0.798348,0.646976
27,0,0,0,1,1
27,1,1.50144,0.484969,1.04975,0.953302
27,2,1.86075,1.7727,0.621198,1.24895
27,3,2.75748,3.07561,0.770763,1.09117
27,4,4.13004,4.38121,1.19169,1.28583
27,5,4.3876,4.21068,1.02826,0.781194
27,6,5.85454,6.01983,0.960242,1.5688
27,7,7.39421,6.63141,0.888989,0.842446
27,8,7.76143,8.17538,0.160624,0.518283
27,9,8.9909,8.91926,1.1606,1.52207
27,10,9.9991,9.77327,0.85207,1.80583
27,11,10.6122,10.8443,1.21114,1.36045
27,12,12.0026,12.7778,0.847688,0.36998
27,13,12.9065,13.2752,1.6061,0.792174
27,14,14.5125,14.3821,0.904888,0.97445
27,15,15.194,15.1214,1.04002,1.40351
27,16,16.2616,15.7794,0.731943,1.02477
27,17,17.3241,16.6927,0.790249,1.322
27,18,18.4285,17.9367,1.0032,0.633105
27,19,18.8384,19.0001,1.07393,1.14202
28,0,0,0,1,1
28,1,0.799528,1.0758,0.979125,0.976271
28,2,1.6459,1.49587,0.899955,0.866829
28,3,2.70869,2.89111,0.61641,1.03517
28,4,4.46421,3.62932,1.62663,1.05568
28,5,5.5717,4.70448,0.859693,0.904228
28,6,6.34723,5.93723,1.35334,1.511
28,7,6.98755,6.8575,1.2221,0.733795
28,8,7.65046,7.49666,0.811683,0.846121
28,9,8.53139,8.66123,1.29722,1.00221
28,10,10.5567,10.439,0.87516,0.851531
28,11,10.8508,10.9737,1.43576,1.16848
28,12,11.8036,12.294,1.4574,0.908772
28,13,13.421,13.5164,1.31626,1.72618
28,14,14.1515,14.0153,1.1113,1.46894
28,15,15.2495,15.0914,0.6862,0.779986
28,16,15.5304,15.6808,0.904964,0.696196
28,17,16.8782,17.0044,1.23111,0.979825
28,18,17.5942,17.9547,1.74733,0.737844
28,19,19.1555,18.9412,1.39278,0.997579
29,0,0,0,1,1
29,1,0.882383,1.07632,0.739298,1.16797
29,2,1.77584,2.19531,0.719131,0.543043
29,3,3.15894,2.92015,0.791372,1.00672
29,4,4.44396,3.71174,0.617119,1.36972
29,5,4.92278,4.79442,1.13528,0.893558
29,6,6.11407,6.51836,0.710767,1.34467
29,7,6.74164,7.04554,1.30302,1.06149
29,8,8.24724,7.92967,1.14534,1.21664
29,9,8.21293,8.51759,0.962448,0.965202
29,10,9.73228,10.0622,0.890765,0.867669
29,11,11.0137,10.7593,1.31594,0.464213
29,12,11.8072,11.3626,0.711216,0.842154
29,13,12.6102,12.8548,0.646041,0.874651
29,14,13.8596,13.9406,1.5046,0.837723
29,15,14.7718,15.3109,1.19402,1.03456
29,16,15.6237,15.889,0.256805,1.19009
29,17,16.9309,16.5526,0.985817,0.777321
29,18,18.1096,18.4152,0.966359,1.03309
29,19,19.1392,18.6802,1.28054,1.07218
30,0,0,0,1,1
30,1,1.0644,0.81384,0.725104,1.48732
30,2,1.52962,1.95127,1.20639,1.32002
30,3,3.11032,3.18615,0.299944,0.992833
30,4,3.70797,3.50832,1.40563,1.34321
30,5,5.46336,4.37164,0.777078,1.28156
30,6,5.75579,5.80272,0.922387,1.50874
30,7,7.11333,7.12587,1.11941,1.1123
30,8,7.7594,8.05927,0.852888,1.19278
30,9,9.08978,9.18768,0.921316,1.31438
30,10,9.73155,10.1583,0.528339,0.623746
30,11,11.2482,10.8913,0.949869,1.17284
30,12,12.5719,12.1188,1.37004,1.01863
30,13,13.1214,12.8589,0.912381,0.897785
30,14,13.7271,14.2292,0.648168,1.15995
30,15,15.1351,14.9643,0.949348,0.439022
30,16,16.4435,16.33,1.26155,1.01929
30,17,16.7415,17.5595,1.43276,1.20978
30,18,17.9786,17.9194,0.588083,1.30422
30,19,19.0759,19.0344,0.836798,1.06614
31,0,0,0,1,1
31,1,1.27579,0.502394,1.02353,0.588796
31,2,1.82542,1.91961,0.978948,1.35131
31,3,2.9202,3.82315,0.878882,1.2519
31,4,3.88197,4.07954,0.529921,0.904971
31,5,5.15377,4.83112,0.89474,0.838487
31,6,6.33131,5.36259,1.32125,1.40994
31,7,6.94557,7.16785,1.01786,0.74406
31,8,8.45434,7.64187,1.33042,1.47628
31,9,8.8726,9.18532,0.605502,1.04174
31,10,9.57828,10.1843,1.12864,1.04929
31,11,10.6849,11.0193,0.494754,1.18531
31,12,12.3392,12.1188,1.38411,1.37943
31,13,13.1972,13.1893,0.683511,1.13414
31,14,13.9068,14.2215,1.16827,0.927833
31,15,15.2671,14.9897,0.836447,0.868181
31,16,16.0539,16.2046,1.18889,0.642404
31,17,17.0046,16.8099,0.836226,1.47496
31,18,17.592,17.4025,1.91307,0.706158
31,19,19.0593,18.5579,1.09728,0.559603
32,0,0,0,1,1
32,1,1.22472,0.958653,1.04053,0.693336
32,2,2.26798,2.14552,0.692479,0.992415
32,3,2.7297,3.20693,0.788011,0.533345
32,4,4.07298,3.92446,1.48437,1.26352
32,5,5.36045,5.12105,0.886696,0.496005
32,6,5.99735,6.29032,1.55723,1.29055
32,7,6.84006,6.96898,1.05179,1.27728
32,8,7.60465,8.33408,1.06496,0.766451
32,9,8.78645,8.99742,1.29175,1.09264
32,10,9.66598,10.1881,1.10639,1.5807
32,11,10.9301,11.2429,1.04374,1.21099
32,12,11.5296,12.0016,1.74576,0.823693
32,13,13.5051,12.6677,1.17174,0.903859
32,14,13.5356,14.2452,1.21241,1.16523
32,15,15.3299,14.5602,1.06275,1.29997
32,16,16.2952,15.7345,1.08833,1.01295
32,17,16.9647,16.8564,0.794817,0.644758
32,18,17.7225,18.0547,0.627311,0.90592
32,19,18.7407,19.2418,0.797035,1.18111
33,0,0,0,1,1
33,1,1.31081,1.25733,0.640211,0.563878
33,2,1.59867,2.94366,1.01277,0.787445
33,3,3.12238,3.75787,1.21537,1.45852
33,4,3.3383,4.1235,1.49602,0.530362
33,5,4.66794,4.97068,1.36347,0.427519
33,6,6.06828,5.58508,1.00114,0.598565
33,7,7.16953,7.03719,1.30667,0.924145
33,8,7.69563,8.51488,1.13537,1.37124
33,9,9.58615,8.83519,0.569644,1.1777
33,10,10.2863,9.80845,0.857883,1.83513
33,11,11.1458,10.3426,1.27361,1.71235
33,12,11.7277,11.427,0.438038,0.922703
33,13,13.3835,13.3112,0.635125,1.02677
33,14,14.5971,14.2972,1.05384,0.807851
33,15,15.0947,14.8915,0.762378,1.18635
33,16,15.5982,16.1426,1.25526,0.614246
33,17,16.6195,16.6896,0.998598,1.07297
33,18,17.9191,17.798,0.73826,0.875953
33,19,18.7399,19.396,1.10348,1.21886
34,0,0,0,1,1
34,1,0.85519,1.0055,0.712571,1.43298
34,2,2.06744,2.35112,0.908351,1.5269
34,3,3.41422,3.36804,1.29677,1.03086
34,4,4.08444,4.15581,1.19701,0.813722
34,5,4.98633,5.00693,1.23657,0.878831
34,6,5.58364,6.12867,1.10946,0.717949
34,7,7.28607,7.0977,0.837675,1.02015
34,8,7.74538,7.68139,1.00833,0.931608
34,9,8.82432,8.76563,1.1371,1.04476
34,10,10.1115,9.27148,0.845767,1.4437
34,11,11.472,10.681,1.1284,1.2058
34,12,11.5155,11.4638,0.974203,2.02399
34,13,13.1821,12.6043,0.870912,0.854884
34,14,14.7579,13.8321,0.932377,0.848272
34,15,14.9475,15.5191,1.26943,1.49565
34,16,15.6843,16.646,1.07994,0.987674
34,17,16.6723,16.4784,0.767604,1.32554
34,18,18.0999,17.8327,1.21355,1.25332
34,19,17.9312,19.367,0.869675,1.33513
35,0,0,0,1,1
35,1,0.973219,0.914584,1.24419,0.900282
35,2,2.25652,2.33842,1.34686,0.991265
35,3,2.58224,2.89611,1.0577,1.03476
35,4,4.03724,3.92602,1.26125,0.867968
35,5,4.82775,5.63506,1.22746,1.0579
35,6,5.93215,5.82369,0.626257,1.41233
35,7,7.00984,6.70636,0.460367,0.929744
35,8,8.65029,7.98657,0.944645,1.16657
35,9,8.77961,9.12665,0.617347,0.58595
35,10,9.70865,10.0358,0.508517,0.828201
35,11,11.0156,11.3812,0.828517,1.22138
35,12,12.0177,12.4629,1.09274,0.937694
35,13,13.9913,12.8606,1.19071,0.835541
35,14,14.1297,13.6719,0.987132,0.836352
35,15,15.4813,14.7505,0.138351,0.935693
35,16,16.7139,15.7673,0.789241,0.637951
35,17,16.9034,16.5559,0.865925,0.752038
35,18,18.0014,18.3985,0.721994,0.859716
35,19,18.7065,19.3395,0.994208,1.67341
36,0,0,0,1,1
36,1,1.05737,1.30294,0.469502,1.29379
36,2,2.49425,2.13038,0.440359,1.59566
36,3,2.91446,3.63678,1.31523,0.959314
36,4,3.64458,4.18826,0.916471,1.55711
36,5,5.25799,5.62122,0.958125,1.27947
36,6,6.17824,6.48358,1.01293,0.783886
36,7,7.30158,6.74411,1.25948,0.850986
36,8,8.31913,8.12664,0.70412,1.10515
36,9,9.08043,8.92887,0.686981,1.72784
36,10,9.3983,10.2016,1.17072,0.727791
36,11,10.8418,10.7474,1.68436,1.53141
36,12,12.2636,11.7918,1.42078,1.29516
36,13,13.0502,13.098,1.22101,1.17121
36,14,13.4901,13.7737,1.29412,1.06125
36,15,15.5952,14.6242,0.973644,0.849403
36,16,16.0229,16.375,1.15859,0.609864
36,17,16.8295,17.1801,1.35044,1.487
36,18,18.08,18.3463,0.846284,0.633568
36,19,18.8955,19.2476,1.31237,0.536581
37,0,0,0,1,1
37,1,0.720258,0.267984,0.913477,1.41257
37,2,1.94216,2.06841,0.805186,1.04813
37,3,2.96927,3.28446,0.901824,1.15518
37,4,4.31018,4.15313,1.02699,1.17698
37,5,4.98872,4.99504,1.15558,1.31285
37,6,6.0743,5.73286,0.669415,1.16287
37,7,7.02127,6.98489,0.855241,1.16852
37,8,8.05112,8.11506,0.779318,1.05569
37,9,8.69573,8.52109,1.13941,1.14399
37,10,9.79897,10.0241,1.44019,1.40467
37,11,11.2089,11.0043,1.1036,0.435708
37,12,12.451,12.1496,1.06932,0.949388
37,13,13.4332,12.8043,0.524083,0.552457
37,14,13.2327,13.9187,0.802422,0.914673
37,15,15.2761,15.0872,0.818676,1.0528
37,16,16.391,16.1501,1.33976,1.14126
37,17,16.7902,16.772,1.17548,0.939248
37,18,18.0335,18.0405,0.251379,1.23116
37,19,18.9594,18.6181,1.02189,1.01577
38,0,0,0,1,1
38,1,1.10578,1.63287,1.12583,0.854338
38,2,2.10694,2.16974,1.04181,1.13501
38,3,2.83395,3.28046,0.776637,1.38737
38,4,4.18436,4.36776,1.17525,0.874471
38,5,5.48601,4.94623,1.10907,1.58569
38,6,5.61074,6.11793,0.720438,0.983133
38,7,7.10373,7.61698,1.36366,1.30291
38,8,7.59763,8.06413,1.43416,1.43394
38,9,8.87991,8.70193,0.516909,1.0237
38,10,9.82484,10.5493,1.23001,1.29242
38,11,11.3949,10.729,0.856959,0.454896
38,12,11.7857,11.9129,1.18627,0.651232
38,13,12.7257,13.3384,1.44065,0.847915
38,14,14.1049,13.939,0.709963,0.929978
38,15,14.9299,15.17,0.85374,1.12758
38,16,16.0628,16.0127,0.604409,0.856263
38,17,17.0339,17.1277,0.820331,1.14573
38,18,18.2805,17.9295,0.663708,0.55777
38,19,18.3505,18.8578,0.847865,1.45532
39,0,0,0,1,1
39,1,1.41979,0.973266,1.22198,1.09166
39,2,1.68694,1.98567,0.956054,1.06319
39,3,2.81158,3.0453,0.500441,1.71484
39,4,4.04616,3.93339,0.873023,1.38085
39,5,4.99757,5.2453,0.861722,1.62384
39,6,5.96743,6.1758,1.5147,1.02472
39,7,6.9729,6.69428,0.88971,1.24199
39,8,7.81191,8.05074,1.24132,1.10007
39,9,9.06361,8.62332,0.933373,1.22548
39,10,9.70602,9.71486,0.780895,0.954331
39,11,10.724,11.052,0.868925,0.50606
39,12,12.2501,11.7956,0.813786,1.12712
39,13,13.0392,13.0237,0.608829,1.24995
39,14,13.704,13.8949,0.433657,1.00975
39,15,15.2712,14.6732,0.775396,0.97764
39,16,16.2547,16.1645,0.665251,0.492943
39,17,17.5507,16.9337,1.48593,0.786092
39,18,18.2221,18.0971,1.29192,1.07411
39,19,18.815,19.2665,1.39618,1.22838
40,0,0,0,1,1
40,1,0.938987,0.750875,1.21698,1.22083
40,2,2.10857,2.03688,0.998465,0.786175
40,3,3.23912,3.42233,1.644,1.38515
40,4,3.93892,4.26829,1.42062,0.679193
40,5,4.77192,4.91831,1.08383,1.32067
40,6,5.68207,5.68242,1.52145,0.539876
40,7,7.43291,7.17744,1.31866,0.804117
40,8,7.71177,7.89341,1.07852,1.51513
40,9,8.7845,9.11688,0.305122,1.58561
40,10,10.0571,9.33221,1.07101,1.53682
40,11,11.2432,11.5853,0.71697,1.16633
40,12,11.5634,12.4023,1.17288,1.04435
40,13,13.186,13.0882,1.06211,0.888677
40,14,14.0949,14.264,0.504136,0.906384
40,15,15.3927,14.8609,0.278038,0.654778
40,16,15.6011,15.6778,0.615884,1.40304
40,17,16.9494,16.8513,1.44572,1.05763
40,18,17.7363,18.1702,1.30445,0.816276
40,19,19.1002,19.2281,0.717178,1.14756
41,0,0,0,1,1
41,1,1.3842,1.07543,0.917862,1.14769
41,2,1.93931,1.776,1.15288,0.580604
41,3,3.44782,2.95998,0.760147,0.595696
41,4,3.90722,3.7048,0.620403,1.2363
41,5,5.54846,4.78287,0.77326,0.850728
41,6,6.36416,6.14077,1.00674,0.711341
41,7,6.9612,7.08869,0.780374,1.5101
41,8,8.49047,8.53747,0.785613,1.44552
41,9,8.77212,8.6193,0.733921,1.5374
41,10,10.3767,10.4466,0.523857,1.26032
41,11,11.3062,11.36,1.41096,1.18592
41,12,11.4872,12.1211,0.689916,0.802342
41,13,13.1006,12.4871,0.994079,0.910059
41,14,14.6424,14.4711,1.38109,0.744218
41,15,15.287,15.0912,1.26044,1.26665
41,16,16.1074,16.0533,0.732026,1.01132
41,17,16.6664,16.6112,1.04547,1.00514
41,18,17.8268,18.3594,0.996239,0.69301
41,19,18.8291,18.8604,1.50843,1.20007
42,0,0,0,1,1
42,1,0.6942,1.85428,0.675552,0.537943
42,2,1.70182,2.30104,0.721713,1.17897
42,3,3.0589,3.12537,0.144943,1.16329
42,4,3.58937,4.52046,1.30101,0.997117
42,5,5.3088,4.355,1.1217,1.42482
42,6,6.1365,6.53758,0.896223,1.14863
42,7,7.26791,6.67599,0.958292,0.938635
42,8,8.06486,7.91918,0.827802,1.07864
42,9,8.42456,8.39767,1.15992,0.76288
42,10,9.89724,9.69802,0.590866,0.810192
42,11,10.7922,11.4357,1.05151,0.632899
42,12,11.9084,11.6334,1.12234,0.959607
42,13,12.6797,12.9597,0.945947,1.02764
42,14,13.7235,13.8464,1.07873,1.36686
42,15,15.0465,15.0343,1.10345,1.02151
42,16,15.7256,15.8909,0.509992,1.03684
42,17,16.9837,17.178,0.581756,1.28283
42,18,17.9992,17.634,1.11285,1.26462
42,19,19.3085,18.9767,0.676338,-0.259999
43,0,0,0,1,1
43,1,1.0238,1.29555,1.45139,1.31208
43,2,2.33867,1.85682,1.26676,0.724311
43,3,2.8138,2.76291,1.09825,0.771538
43,4,3.92046,4.01326,0.667781,0.918978
43,5,4.59313,4.91448,1.08198,0.795093
43,6,5.80826,5.4089,1.01136,0.800584
43,7,7.1246,7.32161,1.60686,1.34788
43,8,7.75054,8.81676,1.16157,0.970752
43,9,9.3845,9.40907,0.673561,1.24688
43,10,10.0603,9.92605,1.1248,0.891034
43,11,10.6463,11.5153,1.14796,0.979344
43,12,11.721,12.3205,0.917521,1.10856
43,13,13.1529,12.633,0.925157,0.446202
43,14,13.5346,13.8847,1.04178,0.746182
43,15,15.0108,15.2873,0.469369,1.3432
43,16,16.3687,16.3076,0.850753,0.911119
43,17,17.5571,16.913,1.02136,0.75142
43,18,18.0201,17.7866,1.39196,1.13289
43,19,18.9667,18.7682,0.943624,0.654608
44,0,0,0,1,1
44,1,1.10487,0.821982,0.87304,1.4415
44,2,1.75481,2.24813,0.944757,1.23368
44,3,3.57319,3.3275,0.825756,0.78586
44,4,4.28307,4.31041,0.827138,0.760279
44,5,5.07275,5.1312,1.52516,1.07761
44,6,5.82253,6.0599,0.989511,1.08075
44,7,6.66605,6.64938,1.136,1.22122
44,8,8.00184,7.92368,0.84276,1.60182
44,9,8.99964,9.3093,0.81706,0.685447
44,10,9.9338,10.1529,0.657314,1.41498
44,11,10.9758,11.177,1.00351,1.06899
44,12,12.001,12.2132,1.29939,0.837992
44,13,13.219,13.1211,1.73007,0.771139
44,14,14.1168,13.6259,1.10672,1.00925
44,15,14.8344,14.8355,0.618538,0.957873
44,16,15.9567,16.2321,1.15167,1.32687
44,17,16.8931,17.0925,0.923409,1.41315
44,18,18.0241,18.0282,0.561501,0.0815673
44,19,18.8985,19.2922,0.839241,1.56453
45,0,0,0,1,1
45,1,0.921587,1.14176,1.46828,1.62751
45,2,2.20451,2.05897,0.461205,0.860203
45,3,3.01779,2.54798,0.861877,0.812074
45,4,4.1447,3.57637,0.724008,1.35247
45,5,5.1649,4.58303,0.637038,1.23713
45,6,6.368,5.81335,0.855817,0.742897
45,7,6.78059,7.19682,0.0936085,0.713982
45,8,7.61453,8.07558,0.397399,0.588084
45,9,8.94468,9.10455,0.938754,1.26891
45,10,10.5757,10.0871,0.95877,0.884256
45,11,11.03,10.6891,0.966941,0.778274
45,12,11.1056,12.0337,0.993712,1.12374
45,13,12.6479,12.6465,1.23733,1.11662
45,14,13.8123,13.6147,0.854894,1.59248
45,15,15.2619,14.409,0.941571,1.04136
45,16,16.0636,16.6153,1.11271,1.18208
45,17,16.7707,16.9913,0.518152,0.807179
45,18,17.7543,18.4942,0.451662,0.945393
45,19,19.0423,19.2062,1.49787,1.06056
46,0,0,0,1,1
46,1,1.25179,1.06678,1.41003,1.28123
46,2,1.84675,1.88872,1.12871,0.648045
46,3,2.81349,2.7116,0.608882,1.32142
46,4,3.76654,4.03967,1.22697,1.29928
46,5,4.84799,4.67374,0.716429,0.569912
46,6,6.14894,6.33077,0.503842,0.478525
46,7,7.589,7.30384,0.650696,1.39449
46,8,7.96598,8.21726,1.70605,1.29906
46,9,8.86542,9.03698,1.38795,1.28692
46,10,9.63793,9.71671,1.34729,1.55916
46,11,10.8268,10.7746,0.883206,0.585105
46,12,11.8534,12.0023,1.17117,1.03728
46,13,13.7893,13.2925,0.790246,1.00517
46,14,14.3582,13.8353,1.06588,0.90959
46,15,14.8658,15.1672,0.686861,1.40535
46,16,16.4312,16.246,1.30899,1.93406
46,17,17.4952,16.6189,0.559482,1.2715
46,18,17.8056,18.1941,0.816243,1.02597
46,19,18.5201,18.7984,1.07128,1.59949
47,0,0,0,1,1
47,1,1.49773,0.686599,1.27932,0.55793
47,2,1.75085,1.62963,0.941722,1.10905
47,3,2.91337,3.16444,1.33337,0.870352
47,4,3.67828,3.93134,0.88744,1.4574
47,5,4.26204,4.95995,0.978193,1.10572
47,6,6.0945,6.17663,0.794236,0.769859
47,7,6.92624,6.7422,1.0366,1.40085
47,8,7.55667,8.19495,1.07454,0.883695
47,9,9.09872,9.34694,1.27628,1.42466
47,10,10.027,10.2153,1.02528,0.8122
47,11,10.654,10.6115,1.31688,0.921963
47,12,12.1008,11.8531,1.23422,0.902315
47,13,12.9638,12.674,1.4462,1.22038
47,14,14.2692,14.3228,1.25869,0.709554
47,15,15.0571,15.6862,0.799091,0.469289
47,16,15.95,15.732,0.71573,0.970826
47,17,16.8477,17.1083,1.18682,0.855861
47,18,17.4431,17.9011,1.21053,1.02635
47,19,18.6157,19.2867,1.11162,1.49918
48,0,0,0,1,1
48,1,0.87977,1.11252,0.747955,0.468421
48,2,2.37324,2.18804,0.52523,0.475998
48,3,2.73313,3.11231,0.401125,1.41454
48,4,3.90995,3.61555,0.955961,1.09674
48,5,4.58658,4.49471,1.12526,1.00872
48,6,5.87096,6.01696,0.608817,0.921406
48,7,7.41708,7.23821,0.885248,0.851156
48,8,7.95142,8.15097,0.563535,1.27441
48,9,8.78182,8.9947,0.894679,1.12815
48,10,10.0502,10.1727,0.593259,1.33268
48,11,10.9109,10.7559,0.859023,1.08562
48,12,11.7997,11.9596,0.872937,1.33353
48,13,13.0351,13.5168,1.33719,1.35466
48,14,13.9293,14.1116,1.6646,1.01171
48,15,14.7673,15.0903,0.729372,0.992325
48,16,15.901,15.7507,0.794615,0.617962
48,17,17.1766,17.3372,0.978442,0.519593
48,18,17.5647,18.4117,1.34575,0.876783
48,19,18.6412,18.8801,1.34249,1.03957
49,0,0,0,1,1
49,1,0.996256,1.08383,1.23274,1.03803
49,2,2.63618,1.31876,1.35835,0.743003
49,3,2.75879,2.51153,0.942226,0.560647
49,4,3.90811,3.77424,1.55804,0.20125
49,5,5.67498,5.08048,0.854239,1.03325
49,6,6.38922,6.221,1.18332,1.24123
49,7,7.54643,7.17357,0.935884,0.829539
49,8,7.9506,8.08168,1.16025,1.00111
49,9,8.59462,9.34164,1.22466,0.813729
49,10,9.50596,9.65416,0.761744,0.626962
49,11,11.156,11.0004,1.67798,0.504236
49,12,11.8562,11.9472,0.501268,0.936096
49,13,12.6399,12.5352,1.22289,0.688601
49,14,13.9296,14.0458,0.963249,1.0682
49,15,15.1343,14.9558,1.27764,0.909443
49,16,16.1185,15.8966,1.37693,0.920302
49,17,17.0129,17.017,0.693974,0.686433
49,18,18.1423,17.599,0.809886,1.14747
49,19,18.9674,19.0995,1.11261,1.3005
50,0,0,0,1,1
50,1,0.950606,1.07838,0.924896,0.873556
50,2,1.7376,2.3096,1.66344,0.503714
50,3,3.29785,3.28119,1.11207,0.496491
50,4,3.82984,3.3865,0.958367,2.01687
50,5,4.94661,4.93225,1.01696,0.999893
50,6,6.15821,6.5799,1.11195,0.701181
50,7,7.40403,6.93086,0.905088,0.182209
50,8,7.83802,7.7855,0.844282,0.721145
50,9,9.28182,9.35451,0.997945,0.848828
50,10,9.67783,9.7438,1.51291,1.10806
50,11,11.3127,10.5263,0.977235,1.09451
50,12,11.6111,12.3782,0.659683,0.860292
50,13,12.9891,12.5011,0.967922,1.12438
50,14,13.7058,13.4324,0.694126,1.24888
50,15,14.9668,14.9982,0.978631,1.1148
50,16,15.9099,15.726,0.888442,1.51679
50,17,17.0059,16.9125,0.912626,1.33531
50,18,18.7235,17.9515,0.834595,0.852742
50,19,19.0575,18.7154,1.57079,0.689815
51,0,0,0,1,1
51,1,1.32108,1.06815,0.902893,0.931779
51,2,2.02001,1.64787,0.94932,0.688677
51,3,2.66651,3.16068,1.29812,0.931388
51,4,4.0034,4.34249,0.719309,1.13388
51,5,5.39508,5.02437,1.00913,0.366877
51,6,6.29012,6.11225,0.641295,0.868396
51,7,6.63456,6.96794,1.26816,1.18926
51,8,8.19696,8.06591,0.862138,1.2822
51,9,8.97535,9.23399,1.25882,1.07266
51,10,10.1979,10.0872,0.808024,1.16702
51,11,11.2828,10.9591,1.30813,0.728442
51,12,11.8864,11.572,0.687048,0.780582
51,13,13.1257,12.4546,1.00531,1.02365
51,14,14.07,13.9337,1.27698,0.963674
51,15,15.3239,14.8768,0.522815,1.81682
51,16,16.436,15.771,1.28111,1.23557
51,17,17.1424,17.01,1.12348,1.12325
51,18,18.0858,17.894,1.54507,0.604583
51,19,19.253,19.0852,0.96369,0.946804
52,0,0,0,1,1
52,1,1.13075,1.43622,0.294817,1.27257
52,2,1.88107,1.91422,1.41219,0.795557
52,3,3.41685,2.95228,1.1008,1.14593
52,4,3.50019,3.49068,0.871042,0.917542
52,5,4.81479,4.96572,0.919297,1.11642
52,6,5.80856,6.22796,1.43425,0.938089
52,7,6.33475,7.36369,0.3886,1.34511
52,8,7.49828,7.64602,0.494659,0.905523
52,9,8.71501,9.1572,1.37713,1.60797
52,10,9.79414,9.68564,0.963208,0.521413
52,11,11.1498,10.9484,1.02964,1.2626
52,12,12.1891,11.5903,1.14856,1.13084
52,13,12.9934,13.0627,0.893092,0.878987
52,14,13.9289,14.0185,1.25511,1.34856
52,15,15.2445,14.9634,1.25852,1.02011
52,16,16.2819,16.1981,1.0194,1.52886
52,17,17.202,17.2891,1.05217,1.12111
52,18,18.594,17.9567,1.01577,1.05319
52,19,19.4631,19.0762,0.888482,1.5846
53,0,0,0,1,1
53,1,1.21679,0.55057,0.764278,0.671401
53,2,2.19003,2.37607,1.65952,0.815578
53,3,2.38615,3.67944,1.24353,0.616091
53,4,4.09709,3.31581,1.2916,1.09209
53,5,5.25872,5.17899,0.81566,1.25995
53,6,6.2132,6.07178,1.31321,1.45592
53,7,6.92188,6.83711,0.655616,1.41748
53,8,8.19376,8.36321,1.40261,0.898466
53,9,8.96313,9.12119,1.05091,1.2065
53,10,9.89296,9.96527,0.919349,0.895503
53,11,10.5867,10.776,1.04531,1.24341
53,12,12.3167,12.3922,0.59218,0.952673
53,13,13.0694,12.8545,1.36801,1.42418
53,14,14.3029,14.3681,1.13991,1.24352
53,15,15.5252,15.2415,1.09463,1.26215
53,16,16.206,15.9899,1.47026,0.653431
53,17,17.0837,17.7125,1.03827,1.22535
53,18,17.7234,17.8736,1.52916,0.880891
53,19,19.234,18.8015,0.580605,1.54724
54,0,0,0,1,1
54,1,1.30992,0.980419,0.768061,1.79538
54,2,1.48436,1.92781,0.691321,1.30084
54,3,2.60568,3.36553,0.459218,1.08982
54,4,4.15172,4.38833,0.982878,1.03655
54,5,5.35432,5.19764,1.06464,0.856289
54,6,6.11632,5.74177,0.898563,0.956759
54,7,6.87569,6.92374,1.28513,0.920116
54,8,7.91687,7.62639,0.866551,1.28234
54,9,8.9631,9.15175,0.788734,0.906249
54,10,9.90973,10.6146,0.595623,0.216239
54,11,11.0676,10.8508,0.861948,0.218081
54,12,11.8377,12.2896,1.04686,1.36734
54,13,13.4128,13.0292,0.924579,1.61427
54,14,14.5836,14.2064,1.62234,0.416773
54,15,15.1178,14.701,1.21813,0.877843
54,16,16.0151,15.2524,1.12707,0.293552
54,17,16.8018,16.71,1.06398,0.970763
54,18,17.9264,17.9332,1.06508,1.05536
54,19,19.3274,18.6587,1.14386,0.866696
55,0,0,0,1,1
55,1,1.16721,1.31355,0.967788,0.666048
55,2,1.8539,1.89982,0.766358,1.01027
55,3,3.07422,2.85666,1.03487,0.672518
55,4,4.84247,3.78595,1.02115,0.842928
55,5,4.79961,4.83637,0.720942,1.30902
55,6,5.92796,5.89633,0.615848,0.97052
55,7,6.62195,6.91832,0.870267,0.708328
55,8,7.89305,8.47542,0.796867,0.563869
55,9,8.93894,9.3155,0.913613,0.922357
55,10,9.25901,9.80751,0.87338,0.863433
55,11,10.9218,11.4313,0.33431,0.794604
55,12,11.7571,11.6613,0.956497,0.630999
55,13,13.1091,12.7242,0.97568,0.660107
55,14,13.6549,14.197,1.2576,0.554677
55,15,14.5294,15.1198,0.811399,0.748707
55,16,16.3359,15.9126,1.34092,0.892531
55,17,16.9771,16.3801,0.855905,1.26692
55,18,17.9791,18.0263,1.326,1.51463
55,19,19.2248,18.8885,0.868406,0.585128
56,0,0,0,1,1
56,1,1.12387,0.837605,0.756209,0.945061
56,2,2.40086,1.70674,1.18298,0.876489
56,3,3.0049,3.05168,0.745192,1.82751
56,4,4.47938,3.73893,1.25771,1.12319
56,5,4.94503,5.04618,1.08295,1.24961
56,6,6.03251,5.56514,0.994113,1.11576
56,7,6.85202,7.14136,0.762257,1.1693
56,8,7.67976,8.08262,1.14911,1.12596
56,9,8.83433,8.31096,0.94501,0.583392
56,10,9.50896,10.0221,0.533549,0.776172
56,11,11.2695,11.2658,1.32248,1.32451
56,12,11.3265,12.2351,1.11366,1.70238
56,13,13.1523,12.9179,0.676233,0.715247
56,14,13.8864,14.3432,1.42724,0.781094
56,15,15.0217,14.808,1.18729,0.694254
56,16,15.8845,16.2127,1.10317,0.768912
56,17,17.4479,16.7605,0.94722,0.852252
56,18,18.0326,17.6462,0.813916,0.9495
56,19,18.8278,18.5978,0.851291,0.820696
57,0,0,0,1,1
57,1,1.24863,1.16668,1.28628,1.33336
57,2,2.14985,2.84605,0.889321,1.32709
57,3,3.26509,2.57369,0.331631,0.973858
57,4,3.51125,4.40756,1.35444,0.531826
57,5,4.65863,5.38157,1.48957,0.810621
57,6,5.67528,6.31079,0.950045,1.23446
57,7,6.83132,7.0313,0.530605,1.26364
57,8,8.02548,7.7401,0.731617,0.881122
57,9,8.7227,9.46629,0.689168,0.808541
57,10,9.95019,10.1887,0.536163,1.37078
57,11,11.1118,10.8699,1.04481,0.83489
57,12,11.9336,12.0889,0.785452,0.518588
57,13,13.0107,12.5861,0.669945,0.694756
57,14,14.2169,14.3188,1.44327,1.54
57,15,15.0128,15.0211,1.08751,1.16367
57,16,15.9377,16.0285,1.0592,0.688766
57,17,16.9404,16.6903,1.1908,1.26643
57,18,17.5656,17.8348,1.86625,0.53964
57,19,19.1161,18.5194,0.904781,0.419498
58,0,0,0,1,1
58,1,0.717552,1.54964,0.626978,1.02801
58,2,1.88497,1.87406,0.925783,0.544755
58,3,3.13686,3.72867,0.961223,1.00489
58,4,4.08411,3.96402,1.3197,0.544428
58,5,5.31006,5.43541,0.927184,1.15207
58,6,5.5994,6.08569,1.67691,1.15031
58,7,7.07795,6.65718,0.246944,0.862027
58,8,7.3447,7.59038,0.853276,0.981968
58,9,9.08725,9.47257,1.17923,0.271673
58,10,10.4354,9.62455,1.0251,1.03414
58,11,11.1603,11.3559,0.681254,1.1122
58,12,11.7778,12.0359,0.670794,0.782897
58,13,12.1907,13.2992,1.25001,1.21502
58,14,14.2266,14.1511,0.789335,1.02671
58,15,14.8929,15.2232,0.493523,1.12435
58,16,15.8098,16.5812,0.993694,1.1332
58,17,16.9382,16.9316,0.782374,1.0015
58,18,18.1343,17.9365,0.760373,0.282511
58,19,18.6975,19.0616,0.549814,0.574595
59,0,0,0,1,1
59,1,1.19128,1.0222,0.423968,1.09327
59,2,1.49454,2.1668,1.10106,1.07189
59,3,3.02197,2.88447,1.76763,1.32358
59,4,4.1771,4.04429,1.4413,0.898527
59,5,5.40473,4.94611,1.0974,0.664256
59,6,5.57891,6.6591,1.55438,0.980881
59,7,7.22377,6.65713,1.29763,1.41143
59,8,7.95184,8.04546,1.12409,1.10175
59,9,9.32539,8.91397,1.65162,0.668981
59,10,9.28104,10.3852,0.790459,1.13296
59,11,10.9176,11.1232,1.05193,0.882506
59,12,11.984,12.7698,1.39254,1.06039
59,13,12.6062,13.3011,1.4115,0.947094
59,14,14.0159,14.4923,1.42543,1.47485
59,15,14.7997,14.8459,0.47907,1.17194
59,16,15.6171,15.8843,1.1999,0.875666
59,17,16.4226,17.3977,1.40837,0.936716
59,18,18.3971,17.8036,0.971274,1.13898
59,19,18.8055,18.491,1.21754,0.96231
60,0,0,0,1,1
60,1,0.732382,0.266942,1.05497,0.381286
60,2,2.03527,1.59226,0.978695,0.492003
60,3,3.01442,2.43021,0.807076,1.0206
60,4,4.10944,4.13309,0.521815,0.597857
60,5,5.20353,4.82056,0.932427,1.20086
60,6,5.68314,5.88399,0.712499,0.987401
60,7,6.83831,6.72142,0.871332,0.836184
60,8,8.51693,8.08206,0.70898,0.947226
60,9,9.17841,9.4605,1.14173,0.996057
60,10,9.814,10.3367,0.404752,1.15356
60,11,11.1104,11.307,1.09035,0.540376
60,12,12.0398,11.6938,1.56316,1.49205
60,13,13.1341,13.4296,0.823234,1.22212
60,14,14.1706,13.8116,1.2118,1.4942
60,15,15.0062,13.9956,0.578288,0.520122
60,16,16.0973,16.035,1.43858,0.961012
60,17,16.3823,16.5837,0.771607,1.60813
60,18,17.9439,17.7373,0.614323,0.890245
60,19,18.9325,18.6761,1.15514,1.42142
61,0,0,0,1,1
61,1,1.24593,0.808553,0.721559,0.987118
61,2,2.47863,1.68073,1.31942,0.429206
61,3,3.18968,3.06691,1.18615,0.775486
61,4,3.82589,3.50882,0.961807,1.13158
61,5,4.7828,5.28466,0.839797,1.01681
61,6,5.75931,5.85259,1.18573,1.02229
61,7,7.23556,6.89239,0.611248,1.3839
61,8,8.2173,8.10637,1.14853,1.08233
61,9,9.42828,8.84122,1.37515,1.05294
61,10,10.7488,10.4742,0.80035,0.816051
61,11,10.9758,11.1556,0.689895,1.13501
61,12,11.6706,12.6151,1.29059,0.983244
61,13,13.1163,12.4221,1.2871,0.750843
61,14,14.0139,13.9134,1.32036,0.312521
61,15,15.5147,14.7569,1.56108,0.761034
61,16,16.1508,16.0436,0.814806,0.893027
61,17,16.4995,16.7938,1.3197,1.13833
61,18,18.1211,17.9348,1.5215,0.612036
61,19,18.9892,19.3349,0.54027,1.34102
62,0,0,0,1,1
62,1,1.09437,0.87458,0.384416,0.587545
62,2,1.47567,2.4798,0.883958,1.13313
62,3,2.96888,2.94479,1.13234,0.977689
62,4,3.52933,4.15126,1.03501,0.426374
62,5,4.92255,4.66719,0.722828,1.05991
62,6,5.44697,6.05782,0.806421,0.805579
62,7,6.94718,6.60098,1.41205,1.13865
62,8,7.72096,7.66981,0.425668,0.805145
62,9,8.9686,9.15063,1.00801,1.49686
62,10,9.52282,9.76686,0.865302,1.22029
62,11,11.0052,10.5464,1.55162,0.902605
62,12,11.8451,12.3589,1.25795,1.02045
62,13,12.7061,13.0088,0.928771,1.30214
62,14,13.5071,14.0133,0.976609,1.17262
62,15,14.4313,15.3479,0.675084,0.802143
62,16,15.7633,15.8249,1.4269,1.00944
62,17,16.7525,17.0161,0.823821,0.990179
62,18,18.2201,18.065,0.312809,0.974739
62,19,18.3525,19.2899,1.0203,0.609646
63,0,0,0,1,1
63,1,1.28292,0.861271,1.20878,1.07505
63,2,1.73844,2.40653,1.17211,1.48888
63,3,3.11459,2.98214,0.992882,1.26295
63,4,4.2066,3.47557,1.16652,1.02112
63,5,5.1022,4.5599,1.17648,1.4617
63,6,5.73613,6.27901,0.967395,0.751585
63,7,7.22888,6.58526,1.14003,0.789892
63,8,7.98942,8.21416,0.782829,1.15945
63,9,9.22354,8.97484,1.62033,0.920149
63,10,9.6055,10.0356,1.27293,0.461642
63,11,11.1186,11.9229,0.907599,1.68639
63,12,12.0713,12.4437,0.752556,1.07369
63,13,12.5284,13.1369,0.796525,1.35811
63,14,14.6169,13.9093,1.34058,0.830421
63,15,14.379,15.0599,1.09916,1.13825
63,16,16.0228,16.1654,1.10994,1.19105
63,17,16.8885,16.987,1.08613,1.44886
63,18,17.2849,17.8712,1.08874,1.10885
63,19,18.9724,18.8181,0.800201,1.18127
64,0,0,0,1,1
64,1,0.925908,1.60747,0.662123,0.999335
64,2,2.16986,1.68704,0.78415,1.45481
64,3,3.13107,2.87462,0.722198,1.13929
64,4,4.03205,3.98966,1.34209,1.68099
64,5,5.29361,4.99553,0.753952,0.534827
64,6,5.9097,5.90634,1.37188,0.474994
64,7,6.60218,7.35208,0.766595,1.25849
64,8,8.51521,7.85601,0.579432,0.773284
64,9,9.11976,8.83758,1.05958,0.941505
64,10,9.94905,9.95344,1.0961,0.963635
64,11,10.7592,10.8942,1.29225,1.2839
64,12,12.1778,11.9534,1.29325,0.7965
64,13,12.5862,12.8772,1.00899,0.562768
64,14,14.3042,13.7001,0.597479,0.911899
64,15,15.1206,15.0771,1.25498,1.04872
64,16,15.3046,15.3892,0.98258,0.893141
64,17,16.8822,16.7312,0.740101,0.550563
64,18,17.8135,17.8017,0.988169,1.25063
64,19,19.2295,18.841,1.27516,0.595083
65,0,0,0,1,1
65,1,1.00576,1.0781,0.945902,0.987151
65,2,1.68554,2.4463,1.14295,1.59174
65,3,2.83035,2.95179,0.785469,1.12421
65,4,4.20298,3.76815,1.17628,1.24541
65,5,5.49248,5.39644,0.907612,0.787261
65,6,5.44288,5.82036,0.629593,0.627057
65,7,7.12278,6.9359,0.936976,1.23028
65,8,8.46045,7.98712,0.975774,0.749705
65,9,8.65531,9.57908,0.794219,1.42498
65,10,10.1721,10.286,0.836929,1.03036
65,11,10.8625,11.2963,1.22679,0.838139
65,12,11.3732,11.8943,0.832865,1.10042
65,13,13.0692,12.8248,0.891185,0.672825
65,14,14.1267,14.415,0.69609,0.897158
65,15,15.6602,15.0329,0.478472,0.733171
65,16,15.9431,16.0442,1.83481,1.13911
65,17,17.0271,17.1141,1.12235,0.831038
65,18,17.9474,17.9109,1.32566,0.93049
65,19,18.5992,19.1409,1.07876,0.887478
66,0,0,0,1,1
66,1,1.00704,1.28621,0.607725,1.14484
66,2,1.63261,1.71994,0.895172,1.16809
66,3,2.52838,2.83305,1.49128,1.31355
66,4,3.93988,3.9896,1.04439,0.862601
66,5,4.70934,5.11579,1.22359,1.45332
66,6,5.87973,6.16125,0.681213,1.05615
66,7,6.83215,6.69948,0.820031,0.787358
66,8,8.35327,8.23578,1.31808,0.914201
66,9,9.05732,9.57519,1.28138,0.587469
66,10,10.8445,9.95126,1.10578,1.36434
66,11,10.7946,11.0046,0.679567,0.372348
66,12,12.9287,11.8995,0.835628,0.891708
66,13,13.1985,13.0883,0.753976,0.995513
66,14,13.5367,13.874,1.00029,0.853411
66,15,15.3401,15.1802,0.870755,1.25409
66,16,15.4779,16.0104,0.591998,0.907984
66,17,17.3194,17.1888,1.13269,1.7697
66,18,17.9504,18.0625,0.911755,0.911772
66,19,18.8699,18.8204,1.10135,1.46638
67,0,0,0,1,1
67,1,0.990489,1.72277,0.104541,1.03161
67,2,1.91935,1.7908,1.15485,0.452069
67,3,2.96662,3.01784,0.874663,0.667424
67,4,3.86946,4.10157,0.374343,0.6674
67,5,4.55609,4.96686,1.2651,0.850693
67,6,6.12708,6.14623,1.11628,1.07828
67,7,7.41645,6.49815,1.85721,0.895265
67,8,7.99403,8.11401,0.91579,0.688414
67,9,9.11616,8.49454,0.720251,0.338535
67,10,10.1563,10.2382,1.41205,0.922603
67,11,10.6951,11.1584,1.19545,0.876131
67,12,12.0078,12.7459,0.970457,1.72021
67,13,12.9329,12.037,0.503534,1.32953
67,14,14.1955,13.7885,1.20568,0.945092
67,15,14.9146,15.0539,1.3747,0.882119
67,16,16.2173,16.123,0.679633,1.1508
67,17,16.6764,16.7643,0.817481,0.816174
67,18,17.6877,17.9166,0.950655,1.36237
67,19,18.6419,18.8593,1.21413,0.982513
68,0,0,0,1,1
68,1,0.822894,1.32091,1.13507,0.68681
68,2,1.8069,2.05501,0.508694,1.00836
68,3,3.03679,3.13795,0.849835,0.697193
68,4,3.97527,3.93425,1.37871,0.347842
68,5,4.63554,4.67992,1.4863,1.16072
68,6,5.71705,5.8055,1.14423,1.12908
68,7,6.89333,6.91244,1.39303,0.723795
68,8,7.83872,8.5319,1.42552,1.18656
68,9,8.68453,8.70081,1.389,0.963177
68,10,10.673,10.1584,0.464655,0.578632
68,11,11.0763,10.5994,0.495828,0.892075
68,12,12.2816,11.7906,0.866833,0.492825
68,13,12.9021,12.5915,0.92673,0.934766
68,14,14.3607,14.0977,0.733375,0.626951
68,15,15.3519,15.3425,0.852224,1.216
68,16,16.3005,15.0582,0.943371,1.02921
68,17,16.975,16.6935,0.937884,1.14163
68,18,17.992,18.1958,1.22816,1.32863
68,19,18.4812,19.0776,0.929644,1.15996
69,0,0,0,1,1
69,1,0.884421,0.77886,0.85818,1.24812
69,2,1.60442,1.83395,1.35859,1.52734
69,3,3.13801,3.06968,1.0214,0.696939
69,4,4.28206,3.57769,1.17791,0.739993
69,5,5.4719,4.54822,1.2301,0.766231
69,6,5.99492,6.10966,1.21393,1.31411
69,7,7.15337,7.23311,1.26278,0.801681
69,8,8.33722,7.95105,0.948899,1.1119
69,9,9.09605,8.50611,1.40379,0.728632
69,10,9.58394,9.68894,0.77908,1.01813
69,11,11.4313,11.3678,0.929941,0.80273
69,12,11.86,12.1215,0.651927,0.755456
69,13,13.3131,12.8754,0.611345,0.677976
69,14,13.5211,14.3142,1.24746,0.813066
69,15,15.1156,15.392,0.251211,1.06405
69,16,16.2876,15.9411,0.881469,1.36982
69,17,17.1331,16.6108,0.625509,0.986249
69,18,18.7225,17.825,0.903104,0.929457
69,19,19.1661,19.0342,0.364372,1.02095
70,0,0,0,1,1
70,1,0.677351,1.35992,0.974796,1.37551
70,2,1.54607,2.19999,0.986355,1.21977
70,3,3.01256,2.57198,1.23111,1.23084
70,4,4.3513,4.60654,0.974471,1.16594
70,5,5.20708,4.94903,0.955283,0.766559
70,6,5.75156,6.26197,1.04176,1.34718
70,7,6.8269,7.05144,1.21663,0.828765
70,8,7.86241,8.63034,1.15844,0.22677
70,9,8.97009,9.23341,0.819924,0.993821
70,10,9.49295,10.6868,1.01083,0.691627
70,11,11.0198,11.4403,1.30682,0.881611
70,12,12.6277,12.0654,0.763212,0.724583
70,13,13.4056,12.5432,0.880391,0.445997
70,14,13.7883,14.0233,0.999454,0.927513
70,15,14.7717,15.5285,1.07548,1.48786
70,16,15.9592,15.6144,1.04834,0.732747
70,17,17.4944,16.4212,0.998101,1.14038
70,18,17.9616,17.9869,1.20723,1.08703
70,19,18.857,19.2234,0.911894,1.08414
71,0,0,0,1,1
71,1,0.930319,1.10951,1.39591,0.331111
71,2,2.30852,1.77713,1.23445,0.877302
71,3,2.98022,3.52965,1.03547,1.04278
71,4,3.74318,3.98009,0.970659,1.14399
71,5,5.1381,5.16523,0.876728,1.08839
71,6,5.5381,5.99962,0.900155,0.888899
71,7,6.91464,7.40641,1.53682,0.591963
71,8,7.81959,8.03609,1.16699,0.995386
71,9,8.69211,8.76753,0.758429,0.866104
71,10,9.67514,10.1573,1.65364,1.15469
71,11,11.2852,11.6249,1.71784,1.40321
71,12,11.6149,11.0944,0.833058,0.462296
71,13,12.5831,12.9748,1.16787,0.769981
71,14,14.8766,13.8682,1.45714,0.900754
71,15,14.9361,15.2029,0.943299,0.487303
71,16,15.9546,15.8557,1.06953,0.577789
71,17,17.4232,16.8344,0.331229,1.30592
71,18,18.2274,17.8094,1.22535,1.16099
71,19,19.0886,19.0469,0.587437,1.04057
72,0,0,0,1,1
72,1,1.08987,0.884945,1.13031,0.580292
72,2,2.17106,2.63527,0.700229,0.807048
72,3,2.807,3.38867,1.14231,1.49814
72,4,4.61863,3.74527,0.813902,1.3125
72,5,5.38965,4.72325,0.927775,0.753669
72,6,5.72989,6.13955,1.15424,0.398556
72,7,6.85809,6.57845,0.799661,1.0383
72,8,8.15982,8.10592,0.608909,1.12076
72,9,8.77389,8.49295,0.510874,1.33454
72,10,9.83987,9.80579,0.984755,0.719345
72,11,11.6538,10.7332,0.58569,1.29862
72,12,11.9487,12.1663,0.878213,1.24157
72,13,13.0107,13.1614,1.37115,0.756112
72,14,13.8998,14.4944,0.774482,1.3763
72,15,15.1314,14.9268,1.06467,1.51501
72,16,16.031,15.381,0.960438,1.10285
72,17,16.7865,16.8907,1.07223,0.587023
72,18,17.5262,18.1847,0.592899,1.43417
72,19,18.6807,18.3855,0.941031,0.745829
73,0,0,0,1,1
73,1,0.719534,0.545226,0.88525,0.998731
73,2,2.33253,1.96477,0.891268,0.691317
73,3,2.26392,3.50225,0.972715,1.59551
73,4,3.7071,4.33649,0.851418,0.795285
73,5,4.94917,5.12722,0.580936,0.690305
73,6,6.16036,6.01145,1.49525,0.597578
73,7,6.39178,6.6721,1.07458,0.545753
73,8,8.17436,7.48861,1.12208,1.12029
73,9,8.75257,9.69739,0.66558,0.822925
73,10,10.0378,9.67395,1.08485,1.38521
73,11,11.1716,10.8089,1.01182,0.853779
73,12,11.9408,11.8112,1.24326,1.17427
73,13,12.5587,12.7195,0.5543,0.90306
73,14,13.5083,14.2068,0.456756,0.654135
73,15,14.9817,15.182,0.641815,0.888297
73,16,16.414,15.6457,0.914638,1.21961
73,17,17.1341,17.0284,0.730585,0.844084
73,18,18.1833,17.8977,0.856619,0.963076
73,19,18.9731,18.6406,1.27865,0.00569804
74,0,0,0,1,1
74,1,1.04845,1.00759,0.152341,1.07251
74,2,2.49349,1.5478,1.24775,1.27838
74,3,2.96384,2.82064,0.664208,1.35555
74,4,3.38323,4.36874,1.22379,0.961707
74,5,5.29243,4.2531,1.51041,0.680095
74,6,6.21359,5.49876,0.995775,0.74033
74,7,7.0964,7.19413,0.823345,0.503651
74,8,7.87203,7.82327,0.460926,1.50246
74,9,8.99522,8.48268,0.970427,1.06811
74,10,9.79964,10.6839,0.459276,0.352179
74,11,11.0737,10.8227,1.00944,0.943389
74,12,11.8456,12.2052,1.09208,0.884079
74,13,13.1479,12.8794,1.00197,0.56037
74,14,14.2403,14.4067,1.03186,0.643162
74,15,15.3814,15.4837,1.28397,1.18224
74,16,15.7455,15.5607,1.39014,0.712655
74,17,17.7729,17.4395,0.955329,1.1921
74,18,17.9327,17.8594,1.34594,0.805383
74,19,18.9629,18.7571,0.90242,0.80235
75,0,0,0,1,1
75,1,1.58924,0.951006,1.02583,1.09206
75,2,2.22545,2.0395,1.20837,0.950408
75,3,3.11826,2.78311,1.47347,1.25723
75,4,3.98029,3.68664,1.43698,1.34751
75,5,5.33821,5.04697,1.42392,0.633492
75,6,5.77431,6.03319,0.770236,0.880322
75,7,6.92521,7.63833,1.20922,1.07294
75,8,7.9412,8.02124,1.07916,1.22408
75,9,9.18796,9.37537,0.645061,1.27634
75,10,9.41622,9.89777,1.35844,1.24083
75,11,10.7782,11.2325,1.05944,0.605112
75,12,11.7524,12.2882,0.806349,0.892049
75,13,12.7242,12.836,0.339998,0.460311
75,14,13.8222,13.8566,1.1652,1.33615
75,15,14.516,14.855,1.10277,1.12408
75,16,16.4634,16.5047,1.1429,1.17962
75,17,16.7061,16.4468,1.01314,1.11953
75,18,18.1463,17.7692,1.42164,1.33089
75,19,19.1353,19.009,1.17437,0.650777
76,0,0,0,1,1
76,1,0.947225,0.932903,0.698353,0.522338
76,2,1.50674,2.24155,0.909155,1.13637
76,3,3.31866,2.91667,1.15249,0.322116
76,4,4.16577,3.62194,1.11965,0.264704
76,5,4.55602,5.22114,0.75903,0.754124
76,6,6.10249,6.1609,1.67865,1.09308
76,7,6.71581,7.38548,1.10288,0.659828
76,8,8.10514,7.8128,1.19187,1.06249
76,9,9.09531,8.69504,0.731389,0.812148
76,10,9.85786,9.84081,1.12762,0.698642
76,11,11.4046,11.5707,1.29053,0.922787
76,12,11.7164,11.8694,1.21816,1.2072
76,13,13.1493,12.712,1.09824,0.898708
76,14,14.3431,14.053,0.902906,1.09147
76,15,15.2286,15.0535,1.01864,1.11696
76,16,15.5838,16.0413,1.50591,1.10892
76,17,16.5049,17.1518,1.05265,1.39328
76,18,17.9104,17.8566,0.912486,1.01266
76,19,19.2,18.6005,0.999355,0.963691
77,0,0,0,1,1
77,1,0.908785,0.734216,0.792,0.50774
77,2,1.80545,1.7481,0.991011,1.16901
77,3,2.6213,3.05679,1.26473,0.895998
77,4,4.5073,3.94626,1.52533,1.37339
77,5,5.03572,4.90553,0.855387,1.41136
77,6,5.87508,5.89416,1.2299,0.797191
77,7,7.66191,6.94442,0.70352,1.23616
77,8,7.74844,8.38731,1.47896,0.711073
77,9,8.98835,9.2259,1.31043,1.19863
77,10,9.22248,9.34291,1.09978,0.974645
77,11,11.1602,10.4284,1.32311,0.802091
77,12,11.9677,11.8482,0.855817,0.735396
77,13,13.0067,12.9754,1.19834,1.55418
77,14,14.2534,13.7341,0.445267,0.96751
77,15,15.5472,14.8231,1.30177,1.55123
77,16,15.9339,15.419,1.22093,1.23877
77,17,17.451,16.7843,0.670686,1.07776
77,18,17.6194,17.7789,0.766442,0.625754
77,19,19.1512,19.5134,1.38209,0.680558
78,0,0,0,1,1
78,1,1.62692,1.45462,1.18086,1.01326
78,2,1.99503,1.60873,0.978659,1.24812
78,3,2.28852,2.67152,0.339887,0.826564
78,4,4.05514,3.71284,1.15731,0.684725
78,5,5.07718,5.21824,0.706408,1.58659
78,6,5.64134,6.1815,1.15473,1.22983
78,7,6.54102,7.00053,1.09757,1.38374
78,8,7.77534,8.29788,1.22763,1.53031
78,9,9.14236,8.92892,1.00441,1.64115
78,10,10.5144,10.2346,1.21629,1.09708
78,11,11.3832,10.978,0.915211,0.623244
78,12,12.014,12.7416,0.520113,1.19898
78,13,12.7259,12.9605,1.1384,1.21557
78,14,14.5072,14.1329,0.743336,1.04203
78,15,15.4313,15.2476,0.990976,0.883659
78,16,15.7514,16.7691,1.1374,1.4446
78,17,16.9412,16.5076,0.987635,0.615729
78,18,18.0305,17.5527,1.00417,1.18469
78,19,19.2217,18.3466,0.968795,1.0137
79,0,0,0,1,1
79,1,0.807667,1.23892,0.753491,1.03344
79,2,2.58117,2.15929,1.42996,1.15825
79,3,3.49217,3.17982,0.976015,0.561273
79,4,3.86823,3.89448,1.07774,0.843082
79,5,5.24491,4.58318,0.87905,1.37725
79,6,6.16456,6.18169,0.97477,0.630103
79,7,7.08407,6.77145,1.34208,1.01294
79,8,8.21472,8.27505,1.25248,1.07098
79,9,8.95688,8.4172,1.14621,0.961358
79,10,9.91636,10.0519,0.664682,0.806832
79,11,11.3397,11.0908,0.877375,0.889476
79,12,12.0073,12.5259,1.07659,0.964824
79,13,13.6147,12.9986,1.02146,0.649397
79,14,13.5652,14.2236,1.31201,1.26779
79,15,14.6339,15.2106,1.23379,1.13645
79,16,15.9048,16.1183,1.07489,0.996829
79,17,17.5024,17.0786,1.08734,0.937223
79,18,18.1489,17.7069,1.28992,0.71218
79,19,19.1593,19.0467,1.05898,0.552159
80,0,0,0,1,1
80,1,0.972505,1.45573,0.851635,1.17926
80,2,2.09593,2.04824,0.952531,1.07986
80,3,3.28443,3.06502,1.25625,0.671607
80,4,3.91345,3.50719,1.10465,1.58351
80,5,4.73244,5.55305,1.44371,0.744244
80,6,6.11876,5.3322,1.10847,1.14709
80,7,7.06013,7.1065,0.817476,1.03661
80,8,7.90466,8.02521,1.07673,0.8152
80,9,8.99695,9.23039,1.0067,0.887813
80,10,10.0963,9.67726,1.16602,0.991237
80,11,11.2934,10.5513,1.10628,1.00453
80,12,12.2595,12.3293,1.10371,1.26883
80,13,13.2776,13.0363,0.609027,0.601738
80,14,13.4297,13.9309,0.927508,1.00183
80,15,14.9612,15.6147,0.668242,1.13775
80,16,15.984,16.5262,1.56524,0.958972
80,17,17.1996,17.4532,0.961834,0.853116
80,18,17.8321,18.5179,1.53444,0.800968
80,19,19.2374,19.321,1.40748,0.784326
81,0,0,0,1,1
81,1,0.819889,1.53622,1.35126,1.30595
81,2,2.48105,1.98474,1.50443,0.436186
81,3,2.90942,2.67053,0.532136,1.33874
81,4,4.25533,3.66538,1.54703,1.38976
81,5,4.73958,4.96262,0.817836,1.53619
81,6,5.97648,5.39902,0.754106,1.41532
81,7,7.57057,6.69469,0.583729,0.802127
81,8,7.89662,7.90254,1.26153,1.33858
81,9,8.03383,9.31808,0.441889,1.19343
81,10,10.6335,9.9907,0.499475,0.991554
81,11,11.497,10.8753,1.4535,0.970895
81,12,11.8355,11.4631,1.24288,1.12446
81,13,12.8997,12.4616,1.23355,0.839441
81,14,14.0721,13.4497,0.830989,0.703484
81,15,14.53,14.9907,0.608816,1.02403
81,16,15.3849,15.9257,0.426234,1.01886
81,17,16.8743,17.0847,1.28172,1.00801
81,18,17.8109,17.6109,1.14134,1.23734
81,19,18.5654,18.8268,1.27899,0.320011
82,0,0,0,1,1
82,1,1.43438,1.64941,0.765969,0.819847
82,2,1.98392,2.10718,1.40974,1.03088
82,3,2.4874,3.16967,0.828007,0.747005
82,4,4.2097,3.81277,1.1306,0.49649
82,5,4.87876,5.17471,0.883111,0.572663
82,6,5.84668,5.9385,0.795668,1.14346
82,7,6.61757,7.15948,1.16274,0.786308
82,8,8.43832,8.08178,1.14622,0.991056
82,9,9.05279,8.96893,0.808399,0.693516
82,10,9.82649,10.0456,0.95103,1.27598
82,11,10.9541,11.3768,1.09935,1.32256
82,12,11.5624,12.2542,1.26734,1.2358
82,13,12.8193,13.3223,1.02228,0.450673
82,14,14.1952,14.0821,1.17138,1.89845
82,15,15.2458,14.9082,0.474552,0.906017
82,16,15.5976,16.0206,0.795921,1.09181
82,17,16.9062,16.4545,1.29447,1.57651
82,18,18.3587,17.726,1.23245,1.05246
82,19,18.9634,18.6338,0.882838,1.25769
83,0,0,0,1,1
83,1,0.794014,0.750246,0.835225,1.01355
83,2,2.28762,1.84127,0.900052,0.791655
83,3,3.59198,3.83433,1.23716,1.12839
83,4,3.60492,3.67585,0.928722,0.461985
83,5,5.31263,4.96299,1.46337,1.4732
83,6,6.1011,5.82538,0.958136,1.0933
83,7,7.04731,6.62933,0.78072,0.677376
83,8,8.35548,7.63999,0.56976,1.07262
83,9,8.5106,8.9294,0.851954,1.42778
83,10,10.7636,11.0235,1.51259,1.25059
83,11,10.8589,11.1519,1.00489,1.16265
83,12,12.2835,12.2402,1.02395,1.26285
83,13,12.5618,13.2745,1.25651,1.54675
83,14,14.0558,14.011,0.981749,1.09701
83,15,14.8511,15.1797,1.02892,0.821308
83,16,16.1789,15.0815,1.00376,1.8302
83,17,16.7119,16.953,0.514409,1.4488
83,18,18.1035,18.192,1.31463,1.31398
83,19,19.2717,18.804,0.751422,1.55343
84,0,0,0,1,1
84,1,0.87258,0.748922,0.684308,0.703264
84,2,1.58847,1.29335,1.32503,1.06891
84,3,2.83613,3.15355,0.893408,0.644271
84,4,3.97762,3.89265,1.2495,1.07508
84,5,4.60888,5.57456,0.820545,0.874852
84,6,6.45857,6.25058,0.432968,0.626784
84,7,6.43566,6.52096,1.0808,1.18829
84,8,8.6046,8.6264,0.881552,0.811694
84,9,9.4051,8.8603,1.2566,1.14411
84,10,10.0676,10.468,0.713387,0.800002
84,11,10.9153,10.8332,0.515363,0.645124
84,12,12.5085,11.5522,0.879709,0.869788
84,13,12.8718,12.9638,1.16904,1.04576
84,14,13.6732,13.8154,0.901838,1.66866
84,15,14.7862,14.6664,0.592406,1.11833
84,16,16.5603,16.1784,0.997756,1.03375
84,17,17.2514,17.1043,0.688284,1.31173
84,18,17.8696,18.8178,1.0136,0.698561
84,19,19.4262,19.0856,0.941668,1.22604
85,0,0,0,1,1
85,1,1.0404,0.809845,0.990581,0.963802
85,2,1.32527,1.70174,1.30093,1.44927
85,3,2.76233,2.50861,0.846266,1.37361
85,4,3.94836,4.48075,1.06193,0.538402
85,5,5.16992,4.89925,1.24685,1.0169
85,6,5.87947,5.52672,1.23322,0.631463
85,7,6.73808,7.25334,1.15309,1.36346
85,8,7.73548,8.42559,1.13689,1.6168
85,9,9.44105,9.11434,0.682391,0.94581
85,10,10.7456,9.84876,1.22901,0.87872
85,11,10.9776,10.6666,0.728465,1.07251
85,12,11.9387,12.3266,0.860168,0.622105
85,13,13.0399,13.0482,0.805085,1.42701
85,14,14.0398,13.9563,0.621671,0.869187
85,15,15.5144,15.1327,0.556341,0.810596
85,16,15.7671,15.8173,0.998887,1.02089
85,17,16.5077,17.0018,1.02407,0.959974
85,18,17.9174,17.9345,0.606097,0.377861
85,19,19.108,19.3598,0.708627,0.964935
86,0,0,0,1,1
86,1,1.12119,0.256975,0.55519,0.573816
86,2,2.11839,2.44103,1.08495,0.879538
86,3,2.60145,3.32394,1.142,1.01429
86,4,4.08398,4.26597,0.853991,0.60831
86,5,5.15725,5.46697,0.803619,0.283858
86,6,6.21026,5.46626,1.07861,0.347906
86,7,7.16508,6.74855,1.19143,1.06402
86,8,7.87272,7.98901,1.12907,1.06222
86,9,9.0655,9.16167,0.855035,1.22355
86,10,10.2488,9.68245,0.814963,1.62136
86,11,11.1049,10.6623,0.698796,1.17201
86,12,11.9339,11.692,1.16381,0.811576
86,13,12.9796,13.444,1.12992,1.12261
86,14,13.7873,14.1353,1.27687,0.741707
86,15,15.5164,14.7865,0.988792,0.352956
86,16,15.9885,16.1168,0.68886,0.975714
86,17,17.0461,17.1022,0.516715,0.758149
86,18,18.4504,17.7264,0.98105,1.33349
86,19,19.3785,19.0977,0.861659,1.3786
87,0,0,0,1,1
87,1,1.73364,0.876258,0.554581,1.09707
87,2,2.00815,1.81264,0.993006,0.480623
87,3,2.52943,3.33722,1.14198,1.5595
87,4,3.97523,3.75109,0.951634,1.04935
87,5,5.21389,4.95424,1.09502,0.741749
87,6,5.93962,5.90914,1.01011,1.22275
87,7,7.0391,7.13726,0.732663,0.61041
87,8,7.92922,8.18751,1.3819,0.690127
87,9,9.00666,8.97396,1.51355,0.608038
87,10,9.894,10.0645,0.97729,1.00312
87,11,10.4782,10.845,1.38557,1.12644
87,12,12.295,11.7173,0.874381,0.826359
87,13,12.87,13.083,1.0032,1.08681
87,14,14.6802,13.517,1.59865,1.46015
87,15,15.3484,14.6348,1.28271,0.404211
87,16,15.6903,15.9641,0.803592,0.792583
87,17,17.4305,17.0112,0.482693,1.30431
87,18,18.0591,18.4367,0.906536,1.09704
87,19,19.7189,18.7208,1.20107,1.08714
88,0,0,0,1,1
88,1,0.936786,1.15303,1.09375,1.13782
88,2,2.2566,1.9848,0.882477,1.40998
88,3,3.58438,3.05411,0.842911,1.53042
88,4,3.85581,3.8209,0.969594,0.593352
88,5,5.02647,5.07197,1.1575,1.45273
88,6,5.92415,6.44253,0.77854,0.870225
88,7,7.77958,6.56491,0.889245,0.660058
88,8,8.11861,7.80623,0.484506,0.86873
88,9,9.34393,9.05822,1.33983,1.44157
88,10,9.39281,9.55582,0.897196,0.846236
88,11,11.4198,11.087,1.76752,1.52804
88,12,12.0962,11.9973,1.20162,1.31366
88,13,12.8874,12.7147,0.993554,0.788334
88,14,13.7329,14.2973,0.165685,1.39939
88,15,15.159,14.7921,1.30312,0.258638
88,16,16.0968,16.1236,0.707703,1.23799
88,17,17.052,17.1434,1.4194,0.69806
88,18,17.8593,18.2628,1.54218,0.762625
88,19,18.7622,19.2907,0.777517,1.16583
89,0,0,0,1,1
89,1,0.851657,1.11277,0.445499,1.25631
89,2,2.0818,1.75366,0.697036,1.08229
89,3,3.13438,3.30015,0.681101,0.879166
89,4,3.29177,4.19733,0.813971,1.02356
89,5,5.31907,4.80042,0.0693678,1.11001
89,6,6.35399,5.45207,1.32793,0.767402
89,7,6.69798,7.67581,1.27627,1.21503
89,8,7.84456,8.59045,1.25912,0.699582
89,9,9.05309,9.06774,1.05059,0.969635
89,10,9.75179,9.52204,0.878787,1.34891
89,11,11.3997,11.3301,1.71664,0.973401
89,12,12.2092,12.0772,0.983766,1.14641
89,13,13.2618,13.493,1.68965,1.41108
89,14,14.3037,14.1546,0.781662,0.814338
89,15,15.346,14.849,1.39201,0.741698
89,16,15.9396,15.7919,1.20011,1.34697
89,17,17.3745,16.9376,0.880444,1.00529
89,18,17.9727,17.8943,0.699458,1.07597
89,19,19.1615,19.1345,1.13131,0.610532
90,0,0,0,1,1
90,1,0.964458,0.741371,0.489594,1.29782
90,2,1.87535,1.76889,1.12239,0.91398
90,3,2.05812,2.88863,1.11939,0.607735
90,4,3.97788,4.01334,1.33372,0.97263
90,5,4.83299,4.91322,1.59325,0.974988
90,6,6.18397,6.21725,1.09324,1.00554
90,7,7.09339,6.94153,1.07797,0.264557
90,8,8.00202,8.07001,0.817356,1.10576
90,9,8.69093,9.08378,1.48838,0.923631
90,10,9.99261,9.92395,0.985879,1.22559
90,11,11.0126,11.035,0.335709,0.374483
90,12,12.2502,11.5491,0.592404,1.35658
90,13,12.6638,13.3864,0.638672,1.04946
90,14,13.7951,13.4197,1.14608,1.37548
90,15,14.9094,14.9652,1.38922,1.04114
90,16,15.8012,16.0929,0.696641,0.739405
90,17,16.7712,16.9672,0.783007,1.50834
90,18,17.7111,18.3869,0.446928,0.11014
90,19,19.1271,19.0887,1.52754,0.911089
91,0,0,0,1,1
91,1,1.16402,0.949265,0.947531,1.20577
91,2,2.03984,2.11365,0.648844,1.25363
91,3,2.6283,2.61391,0.863247,0.662708
91,4,4.26004,3.93403,1.14616,1.6367
91,5,4.98547,4.67979,1.79107,1.8541
91,6,5.66351,6.56319,1.7184,0.604309
91,7,6.9865,6.88178,1.33592,0.438821
91,8,7.78069,7.68002,0.827645,1.20386
91,9,8.89866,9.11413,0.758721,1.09572
91,10,9.67733,10.1002,0.979793,1.18879
91,11,10.5992,10.612,0.905769,0.954892
91,12,11.8201,12.5976,1.36364,1.06332
91,13,12.8087,13.5531,1.00717,1.31401
91,14,13.6211,14.0285,0.222617,1.06407
91,15,15.3288,15.1761,0.702526,1.17339
91,16,15.837,15.4088,1.07091,0.958934
91,17,17.2703,16.8948,0.760692,0.895225
91,18,18.7532,17.7472,0.776583,0.981225
91,19,19.0472,18.5729,0.97889,1.09074
92,0,0,0,1,1
92,1,1.17209,0.600047,0.724123,1.1976
92,2,2.53706,1.99458,1.07248,1.3159
92,3,3.12568,2.52494,0.914966,1.39709
92,4,3.94838,3.91963,1.01497,0.906018
92,5,5.09781,4.95058,1.05707,0.554718
92,6,5.89189,5.65782,1.02041,0.478416
92,7,7.15725,7.28426,0.240374,1.32067
92,8,8.10745,7.42676,1.3505,0.438873
92,9,9.46318,9.00701,1.21194,1.16109
92,10,10.5973,10.2421,0.53923,1.51737
92,11,11.5924,11.2107,1.01521,1.01295
92,12,11.588,12.1946,1.27041,0.70991
92,13,13.1002,12.9161,1.30136,1.37716
92,14,13.4652,14.5,1.422,0.719151
92,15,14.6762,14.1696,1.05401,0.455138
92,16,16.3312,15.9853,1.21141,0.923233
92,17,16.8183,17.0034,1.0719,0.682218
92,18,17.9453,17.4435,0.467847,0.690924
92,19,18.8949,18.5471,1.3534,0.692744
93,0,0,0,1,1
93,1,0.883375,0.605287,1.05947,0.630781
93,2,2.14476,2.40278,1.17982,0.798677
93,3,2.9972,3.33051,0.94283,0.654879
93,4,4.02617,3.9764,0.741275,0.943
93,5,5.28693,5.14655,1.00804,0.68072
93,6,5.85427,5.33598,0.976525,1.19668
93,7,7.08404,6.7707,1.03557,0.990766
93,8,8.06659,7.37546,1.14951,0.423927
93,9,9.45661,9.09283,0.870745,0.657931
93,10,10.0868,9.60618,1.11488,0.946325
93,11,10.711,10.854,0.6383,1.4953
93,12,12.1855,12.0046,1.18166,1.17292
93,13,12.7939,12.7927,0.855091,0.521028
93,14,13.8208,14.1975,1.07816,1.50925
93,15,14.8828,14.2388,1.18773,0.680536
93,16,16.0336,15.5217,0.400201,0.884771
93,17,17.0152,16.3282,0.955991,1.27802
93,18,18.2108,17.9152,1.42384,0.806716
93,19,18.6996,18.1829,0.564153,1.38099
94,0,0,0,1,1
94,1,0.958348,1.09209,1.10855,0.766287
94,2,2.01096,1.33688,1.38714,0.605182
94,3,3.21314,2.8962,0.860006,1.07883
94,4,4.35315,3.9551,1.55412,1.18879
94,5,4.97253,5.32426,0.702187,0.497952
94,6,6.67953,6.06299,1.03598,1.30415
94,7,6.22211,6.58608,1.22425,0.721317
94,8,8.15904,7.89422,0.625065,0.71626
94,9,9.2189,8.63182,0.420707,1.14693
94,10,10.3873,10.6214,0.985672,1.35844
94,11,11.2034,10.8231,1.19804,0.754183
94,12,11.3239,11.8594,1.11902,1.14856
94,13,13.293,12.9606,0.972436,0.782675
94,14,14.1182,14.0087,1.39157,0.889238
94,15,14.7833,14.8468,0.695505,0.909902
94,16,16.2163,16.5122,1.02785,0.957938
94,17,17.1977,16.7112,0.755655,0.762439
94,18,18.1739,17.542,0.139677,0.93223
94,19,19.3114,18.3918,1.06626,0.97992
95,0,0,0,1,1
95,1,0.414487,1.01698,1.43469,0.813404
95,2,1.94511,1.56385,0.902267,0.576684
95,3,3.29191,2.97257,1.81345,1.07889
95,4,3.88839,4.20298,0.7575,1.1604
95,5,5.34166,4.90606,1.31471,0.968628
95,6,5.88035,6.12565,0.823679,1.69771
95,7,6.9696,6.93601,1.28361,1.49727
95,8,8.06594,8.27489,1.15892,0.853122
95,9,9.2007,9.10847,1.02536,0.526722
95,10,9.87802,10.5546,0.859656,1.60284
95,11,11.3587,11.2922,0.692433,0.861059
95,12,12.0231,12.0353,0.736163,1.13485
95,13,13.6102,13.3194,1.14763,1.07305
95,14,14.0758,14.0399,1.3338,1.19618
95,15,15.16,15.6514,1.05975,1.41488
95,16,15.8037,15.699,1.43987,1.13895
95,17,17.0892,17.0244,0.701039,0.770337
95,18,18.3973,17.4594,1.32615,0.985112
95,19,19.1474,18.7821,1.45779,0.386722
96,0,0,0,1,1
96,1,0.807038,1.27641,1.31878,1.07099
96,2,1.97351,1.88237,1.20379,0.974856
96,3,3.16151,2.5269,1.09169,0.821416
96,4,3.99912,4.17126,1.85472,0.3501
96,5,4.90519,4.99786,1.0104,0.760721
96,6,5.89677,5.91248,1.26093,0.47819
96,7,6.81086,7.02242,1.25606,1.03378
96,8,8.17088,7.9861,1.06298,1.02774
96,9,9,8.90235,0.849091,1.02539
96,10,10.173,10.1546,1.27277,1.41642
96,11,10.6297,10.5411,0.758726,0.77201
96,12,12.0263,11.9807,0.665877,1.11714
96,13,12.889,13.3555,0.59855,1.23494
96,14,14.0957,14.2362,1.67274,0.773556
96,15,14.468,14.8375,0.92027,0.720008
96,16,16.2469,15.9803,0.227654,0.547148
96,17,17.4393,16.8526,1.08267,1.16784
96,18,18.3228,17.7992,0.371549,0.752385
96,19,18.7603,19.6724,1.01848,1.00201
97,0,0,0,1,1
97,1,0.869539,0.879846,1.09487,0.219108
97,2,1.81364,1.78685,0.744566,0.707687
97,3,3.08274,2.9743,0.908787,1.25831
97,4,4.28362,3.76535,0.995307,1.59063
97,5,5.00908,4.62981,1.31629,0.809589
97,6,6.22075,5.78854,0.851851,1.12602
97,7,6.95821,7.09412,0.769152,1.18396
97,8,7.69152,7.97809,0.863373,0.841907
97,9,8.83571,9.24032,1.27754,0.761468
97,10,10.213,9.87749,0.784013,0.886939
97,11,11.6843,10.8568,1.04054,0.921089
97,12,11.7256,12.5607,0.583871,0.616157
97,13,13.1287,13.3268,0.919485,0.595154
97,14,13.7264,14.5353,0.943535,1.22416
97,15,14.6987,14.4892,1.67601,0.788171
97,16,15.5607,15.5367,0.634223,1.20662
97,17,16.6477,16.6471,1.12362,0.509464
97,18,18.0094,17.9143,1.2333,0.875924
97,19,19.0117,18.8152,0.995323,1.09982
98,0,0,0,1,1
98,1,1.3784,0.124332,0.958417,0.368898
98,2,1.66036,1.99287,1.08968,1.20881
98,3,3.06618,3.23127,0.550137,1.13758
98,4,4.04956,3.68065,1.40138,0.837302
98,5,5.62766,5.19119,1.19531,0.656017
98,6,6.1614,6.10925,0.955329,0.93753
98,7,7.24737,6.69376,1.28567,0.839026
98,8,7.75782,7.82106,1.59961,0.837916
98,9,8.8618,9.08943,0.460794,1.19688
98,10,9.98439,9.83907,0.782674,1.42299
98,11,10.6729,11.5812,1.13689,0.934412
98,12,12.1742,11.8213,1.09204,1.12614
98,13,12.3875,12.657,1.09855,1.25541
98,14,14.0147,14.0312,1.41032,1.01613
98,15,14.8622,14.7881,1.24999,0.707401
98,16,15.7723,15.5689,1.40968,0.907085
98,17,17.1743,16.9147,1.01334,1.10545
98,18,17.8311,17.5598,0.876636,0.551775
98,19,18.7468,18.7468,1.69198,1.17635
99,0,0,0,1,1
99,1,0.575802,0.72337,1.34516,0.991768
99,2,2.44119,2.07933,1.36534,0.906179
99,3,3.07927,3.3686,1.00415,1.33838
99,4,3.93255,4.19269,1.48855,0.794888
99,5,4.81608,4.43563,0.622634,0.660469
99,6,5.90157,6.08229,0.517478,0.726774
99,7,7.56321,7.65879,1.16471,1.47425
99,8,7.94385,7.69432,1.13306,1.35498
99,9,8.91136,8.54867,0.765311,0.585768
99,10,10.0136,10.5202,1.02248,0.682255
99,11,10.888,11.4349,0.812843,0.778533
99,12,11.8508,11.6903,1.21232,1.03408
99,13,12.9578,13.5207,1.06208,1.37749
99,14,13.6211,13.3381,1.11136,0.881825
99,15,15.1517,14.9475,1.27298,0.836822
99,16,15.9089,16.4097,1.49864,0.699334
99,17,17.1333,17.4276,0.762197,1.19586
99,18,18.4698,17.7609,1.20774,0.552903
99,19,18.8331,19.1554,0.549721,1.15416
