run,t,x_meas,y_meas
0,0,-0.274972,0.14887
0,1,0.208559,1.0374
0,2,1.68335,2.39058
0,3,3.92654,2.96588
0,4,4.14014,3.40496
0,5,4.43583,4.84228
0,6,6.41939,6.23882
0,7,6.67442,7.51537
0,8,7.70135,8.51716
0,9,9.13193,8.35002
0,10,9.6686,9.39556
0,11,11.067,11.2815
0,12,12.1019,12.4545
0,13,13.0302,13.2333
0,14,13.1299,13.382
0,15,14.5626,14.1897
0,16,17.0907,15.9863
0,17,16.5412,17.0028
0,18,18.1672,18.1352
0,19,17.4182,19.9033
1,0,-0.223341,-0.213848
1,1,0.969672,0.88285
1,2,2.02102,1.83942
1,3,3.613,2.64717
1,4,3.26782,5.09227
1,5,5.03604,6.25477
1,6,5.59231,5.40926
1,7,7.66136,6.89074
1,8,7.85381,8.65235
1,9,8.87932,9.62191
1,10,9.28875,10.6404
1,11,11.4342,10.5214
1,12,11.93,12.1145
1,13,13.3716,13.2021
1,14,13.756,13.8224
1,15,14.4994,15.1216
1,16,15.7106,16.039
1,17,16.2578,18.1204
1,18,17.5389,18.6505
1,19,19.0465,19.3008
2,0,-0.0345331,-0.590377
2,1,1.13162,0.698788
2,2,1.43237,2.31304
2,3,2.95534,3.47382
2,4,3.80061,3.4552
2,5,4.9756,4.37929
2,6,6.13528,5.76912
2,7,7.71558,7.24995
2,8,7.67815,8.95718
2,9,8.51925,8.94703
2,10,10.6007,10.1859
2,11,11.0227,10.4795
2,12,11.1155,12.276
2,13,12.4775,12.3667
2,14,14.8499,13.901
2,15,14.6568,14.6658
2,16,16.49,16.0057
2,17,16.6868,17.7795
2,18,19.01,18.5356
2,19,19.2743,18.9981
3,0,-0.602081,0.274192
3,1,1.28175,0.808495
3,2,1.97145,3.21849
3,3,3.49142,2.85985
3,4,4.77023,4.33039
3,5,5.79018,4.87067
3,6,5.69645,6.75225
3,7,7.2029,7.44793
3,8,7.96419,7.80572
3,9,8.89455,8.12072
3,10,9.65159,10.7308
3,11,10.9271,10.9433
3,12,12.6105,12.2785
3,13,13.3078,13.696
3,14,14.1161,14.1162
3,15,14.7544,14.636
3,16,15.9678,16.2637
3,17,17.4923,17.8932
3,18,17.6892,18.5865
3,19,20.126,18.5917
4,0,0.0586656,-0.333476
4,1,1.54767,0.23743
4,2,2.13864,1.26095
4,3,2.69205,2.36756
4,4,3.58742,4.42868
4,5,5.14039,4.5728
4,6,5.08418,6.50366
4,7,7.18606,6.84977
4,8,8.39573,7.72725
4,9,8.45802,8.51306
4,10,10.271,10.8496
4,11,10.6327,10.2451
4,12,12.0921,11.7693
4,13,12.6921,13.7211
4,14,13.3943,13.2822
4,15,15.867,14.5778
4,16,15.8558,16.6014
4,17,16.93,17.0866
4,18,18.5587,18.8494
4,19,20.4908,19.7499
5,0,-0.560662,0.641435
5,1,0.898555,1.80737
5,2,2.11865,2.36866
5,3,3.75207,3.35009
5,4,3.86806,4.5254
5,5,4.12913,4.75589
5,6,6.8894,6.56573
5,7,7.77947,6.68384
5,8,7.88578,8.12137
5,9,8.71759,9.45356
5,10,9.75151,9.66161
5,11,11.2074,11.4053
5,12,11.6705,12.5068
5,13,12.2918,13.482
5,14,12.9434,14.5946
5,15,14.6453,15.1103
5,16,16.3427,16.0202
5,17,16.3384,16.6791
5,18,18.9339,17.2587
5,19,18.7331,18.6156
6,0,-0.396712,0.0559529
6,1,0.757515,2.03072
6,2,2.21318,2.10364
6,3,3.33581,2.50736
6,4,4.45412,4.22321
6,5,4.99846,5.06275
6,6,5.29234,6.39356
6,7,7.58814,7.02307
6,8,7.92258,7.96544
6,9,8.88582,8.26836
6,10,9.76605,10.0562
6,11,10.8034,10.3459
6,12,11.6551,12.883
6,13,11.7178,13.0118
6,14,13.9474,13.8349
6,15,14.5862,14.9514
6,16,16.6295,16.3049
6,17,17.9248,16.3466
6,18,17.9049,18.5804
6,19,17.58,18.9833
7,0,-0.24956,0.633958
7,1,1.56013,1.19745
7,2,2.2593,2.34165
7,3,3.56041,3.12095
7,4,3.82093,4.19609
7,5,5.70416,4.8257
7,6,5.53916,5.70934
7,7,7.51461,6.85046
7,8,8.38607,8.41569
7,9,8.15137,9.00285
7,10,9.67464,10.1093
7,11,10.6554,10.5308
7,12,12.7714,11.848
7,13,13.0867,12.4139
7,14,13.4875,14.7991
7,15,14.1664,15.3616
7,16,15.7296,16.2998
7,17,16.5905,17.3931
7,18,17.4755,17.1794
7,19,20.0336,19.5717
8,0,0.0727694,-0.221205
8,1,0.599326,1.56206
8,2,1.4955,1.69039
8,3,2.67185,2.53241
8,4,4.7858,4.52075
8,5,4.78768,5.19853
8,6,6.22168,5.37843
8,7,8.62261,7.95311
8,8,8.48404,7.88079
8,9,9.87758,9.75769
8,10,8.92591,10.2355
8,11,11.232,11.5087
8,12,12.6584,13.2072
8,13,12.8755,13.4831
8,14,14.3658,14.6081
8,15,14.1233,15.0398
8,16,15.3765,15.8851
8,17,17.7073,16.3695
8,18,17.6293,18.5224
8,19,18.3566,20.249
9,0,-0.503272,0.0129079
9,1,1.0802,-0.0297206
9,2,2.38697,1.08052
9,3,2.52583,2.48584
9,4,3.43899,2.93172
9,5,5.25147,5.36558
9,6,5.64609,6.24702
9,7,6.84308,7.11688
9,8,8.55074,8.58864
9,9,8.58143,8.29832
9,10,9.63467,10.7557
9,11,10.8061,10.5329
9,12,11.1622,12.5631
9,13,12.2836,13.6197
9,14,12.7498,14.0058
9,15,15.4096,14.8518
9,16,15.9904,16.2337
9,17,17.0722,16.8702
9,18,18.3402,17.7367
9,19,18.8693,19.3076
10,0,-0.819277,-0.550758
10,1,1.06265,1.3743
10,2,1.02346,2.04855
10,3,2.93951,4.53975
10,4,4.57814,3.23594
10,5,4.90797,5.51034
10,6,5.41692,5.05296
10,7,7.19841,6.74641
10,8,7.7641,8.04403
10,9,7.90759,9.90227
10,10,10.0662,10.265
10,11,11.1543,10.2867
10,12,11.2298,11.3981
10,13,12.6116,11.7591
10,14,14.9607,13.4884
10,15,15.3987,15.0962
10,16,16.1934,15.7666
10,17,17.0528,16.1113
10,18,17.9806,18.313
10,19,18.7853,19.1343
11,0,0.596495,0.417299
11,1,0.606761,0.342952
11,2,1.77956,1.21146
11,3,2.55884,3.697
11,4,3.70698,3.84285
11,5,4.50748,4.46826
11,6,5.96125,6.50605
11,7,7.35389,7.38579
11,8,6.68412,8.95236
11,9,9.72529,9.02368
11,10,10.1405,10.1216
11,11,10.6444,11.1845
11,12,12.4577,11.4388
11,13,13.0294,13.301
11,14,13.2429,14.1188
11,15,15.5565,14.0575
11,16,16.7374,15.4088
11,17,17.8011,17.6293
11,18,18.07,17.9306
11,19,18.3429,19.5983
12,0,-0.786774,0.0364001
12,1,0.897638,0.700288
12,2,1.36797,1.53514
12,3,2.49347,3.39287
12,4,4.19377,4.12121
12,5,5.59912,5.14111
12,6,6.02246,6.4243
12,7,7.55176,7.15138
12,8,8.18585,7.69433
12,9,8.83184,8.30541
12,10,10.3444,9.36351
12,11,11.9176,10.7246
12,12,13.128,12.0509
12,13,12.5751,12.25
12,14,12.7512,14.0446
12,15,15.1001,14.7917
12,16,16.6219,15.3813
12,17,15.9701,17.6677
12,18,17.6122,18.8144
12,19,19.0495,19.5816
13,0,0.489261,-0.0673221
13,1,0.952008,1.78709
13,2,1.17947,1.75694
13,3,2.91976,3.38343
13,4,4.66384,3.77797
13,5,4.23096,4.18914
13,6,6.7682,6.83087
13,7,6.80208,6.9108
13,8,7.14266,7.87798
13,9,9.21931,8.50309
13,10,10.7706,10.3006
13,11,11.1783,10.3005
13,12,11.7332,12.5533
13,13,13.0799,13.0554
13,14,14.6225,14.6705
13,15,15.8565,14.686
13,16,15.6166,16.799
13,17,16.6399,17.3939
13,18,18.2262,18.5641
13,19,18.4903,19.2322
14,0,0.229259,-0.590951
14,1,1.36916,-0.324572
14,2,2.61146,1.43829
14,3,3.50774,3.38786
14,4,3.82594,4.27226
14,5,4.60119,4.35772
14,6,5.28688,6.13388
14,7,7.15625,6.97453
14,8,8.60811,8.17888
14,9,8.23134,9.16156
14,10,10.0027,10.0944
14,11,10.5582,10.0462
14,12,12.1311,12.3948
14,13,12.7864,13.2678
14,14,12.8374,14.4929
14,15,14.2585,14.6325
14,16,15.8372,15.4178
14,17,17.462,17.8416
14,18,17.6455,17.8223
14,19,18.9798,19.1472
15,0,-0.110665,0.198278
15,1,0.866283,1.27939
15,2,1.99384,2.10416
15,3,2.33728,2.96408
15,4,4.57522,3.73637
15,5,5.77894,5.04043
15,6,6.80646,5.49203
15,7,7.6678,7.04883
15,8,8.21706,8.95234
15,9,9.52354,8.07327
15,10,9.37232,9.86331
15,11,11.3715,11.6115
15,12,12.5178,11.2885
15,13,12.3131,13.9539
15,14,13.6258,13.1885
15,15,15.4552,14.6977
15,16,15.9071,15.669
15,17,17.8526,17.3956
15,18,18.5381,19.6325
15,19,17.6597,19.3114
16,0,0.222048,-0.34851
16,1,0.512408,0.681223
16,2,1.41859,1.495
16,3,2.83007,2.75826
16,4,2.77683,4.90576
16,5,5.38249,4.52411
16,6,6.74491,6.16217
16,7,5.55197,6.11501
16,8,7.91901,7.68074
16,9,8.53668,7.87751
16,10,10.0624,10.0519
16,11,10.6761,10.6616
16,12,11.7015,12.524
16,13,12.3226,12.4708
16,14,13.5301,14.6888
16,15,15.6886,14.3365
16,16,16.2533,16.9067
16,17,17.4837,16.6136
16,18,17.08,18.0709
16,19,19.3299,19.0399
17,0,-0.190513,-0.0328623
17,1,1.42896,1.77218
17,2,2.81247,2.23048
17,3,2.75651,2.86869
17,4,4.66293,4.3809
17,5,4.124,4.75263
17,6,5.28451,6.76485
17,7,7.34992,7.4327
17,8,7.60335,8.56301
17,9,8.93969,8.37485
17,10,10.5747,9.65234
17,11,10.541,11.5767
17,12,11.9908,12.5217
17,13,13.5737,12.7822
17,14,14.1334,13.679
17,15,14.6424,15.6162
17,16,15.2995,16.5646
17,17,16.8302,16.2796
17,18,17.8919,18.8781
17,19,19.3183,19.6154
18,0,-0.226492,0.267111
18,1,0.672841,1.12575
18,2,1.64522,2.44946
18,3,3.27031,2.21397
18,4,4.40226,4.31377
18,5,3.68361,4.70847
18,6,5.43516,4.75912
18,7,6.8272,6.87799
18,8,8.63874,8.08149
18,9,8.87796,9.66749
18,10,9.63197,9.69509
18,11,11.5129,10.6004
18,12,12.465,12.3048
18,13,12.9668,12.4791
18,14,14.2087,14.5474
18,15,14.836,14.8902
18,16,15.956,15.9309
18,17,17.7628,17.419
18,18,17.4002,17.9193
18,19,18.332,18.9153
19,0,-0.391124,0.0345423
19,1,1.40443,2.74857
19,2,2.91831,2.53895
19,3,2.59175,2.33482
19,4,3.51619,4.19357
19,5,5.07785,4.93471
19,6,5.86427,5.42842
19,7,6.34046,6.32006
19,8,8.68607,7.88962
19,9,8.51485,9.40363
19,10,9.32901,10.3378
19,11,12.542,10.8843
19,12,12.4829,12.3141
19,13,12.3586,12.6584
19,14,13.7411,13.2485
19,15,15.1854,14.4472
19,16,16.8793,16.3567
19,17,16.2579,16.4551
19,18,18.7149,17.8665
19,19,18.4622,18.3495
20,0,0.247129,-0.0633425
20,1,1.00219,1.31368
20,2,1.48243,2.82147
20,3,2.8052,3.26
20,4,5.0513,4.00285
20,5,4.74308,5.096
20,6,5.77803,5.77334
20,7,7.4275,7.99142
20,8,7.53117,8.17329
20,9,8.83926,9.19855
20,10,10.1396,9.92865
20,11,10.7459,10.6716
20,12,12.6015,12.3704
20,13,14.5244,12.4811
20,14,14.6434,14.0204
20,15,14.7066,14.5301
20,16,16.13,15.1599
20,17,17.8822,16.6428
20,18,17.3746,17.6888
20,19,19.3294,18.781
21,0,-0.446166,-0.322887
21,1,0.934962,1.12462
21,2,1.71339,2.2127
21,3,2.85735,3.16052
21,4,5.12397,3.77735
21,5,5.38314,5.72125
21,6,5.54756,5.03845
21,7,7.61634,6.84338
21,8,7.99688,8.19726
21,9,9.12109,8.85113
21,10,10.0962,10.482
21,11,10.8304,11.3148
21,12,11.5815,12.118
21,13,12.6429,11.8753
21,14,13.4027,13.9793
21,15,15.2822,14.6716
21,16,16.5437,17.0795
21,17,17.6572,17.6891
21,18,18.1796,18.0774
21,19,20.2032,20.2995
22,0,0.510322,0.117901
22,1,1.06072,1.25832
22,2,1.95965,1.53255
22,3,2.98868,3.337
22,4,3.75235,4.291
22,5,4.95714,4.9747
22,6,4.78807,5.99429
22,7,6.63841,6.83648
22,8,7.42905,7.53715
22,9,9.13151,8.8986
22,10,9.06938,9.63218
22,11,10.6239,10.6604
22,12,12.0162,11.5124
22,13,12.4695,13.2284
22,14,14.6265,13.6258
22,15,15.4268,15.2535
22,16,16.1403,16.0713
22,17,17.0475,17.087
22,18,17.9672,17.8379
22,19,18.9494,19.4833
23,0,-0.510895,0.885778
23,1,2.16296,1.58941
23,2,3.17717,2.03319
23,3,3.26274,2.90709
23,4,4.22815,4.07395
23,5,5.78521,4.99033
23,6,5.73683,5.66795
23,7,7.67258,7.14745
23,8,7.77162,8.33035
23,9,9.08491,9.04403
23,10,9.99833,9.70595
23,11,10.6371,12.1868
23,12,11.805,11.1598
23,13,12.228,12.8264
23,14,13.2735,13.8155
23,15,14.9896,14.2251
23,16,15.421,16.5782
23,17,16.8434,16.899
23,18,17.8416,18.3698
23,19,19.3551,18.9674
24,0,0.156061,0.242903
24,1,0.743902,1.50635
24,2,2.27427,1.94182
24,3,1.24723,3.11361
24,4,4.28162,4.60682
24,5,5.17695,5.20487
24,6,5.72914,6.24796
24,7,7.32268,6.91396
24,8,8.12623,7.93785
24,9,8.37018,9.00426
24,10,10.0482,10.2903
24,11,10.9693,11.7447
24,12,11.8838,10.9987
24,13,13.9293,12.696
24,14,14.0037,14.0014
24,15,14.3382,14.2751
24,16,15.5002,15.5888
24,17,17.5469,17.6172
24,18,18.0765,17.6485
24,19,18.6256,19.1729
25,0,0.00113109,0.863018
25,1,1.79275,1.08764
25,2,2.0971,1.99394
25,3,2.94249,2.15336
25,4,3.48536,4.10048
25,5,5.12413,6.33608
25,6,6.35273,5.15981
25,7,6.96978,7.38547
25,8,7.88072,8.85646
25,9,8.55434,8.20057
25,10,10.4764,10.1679
25,11,11.4529,11.5835
25,12,12.0283,11.2095
25,13,13.3502,12.2169
25,14,13.1684,14.2596
25,15,14.9617,15.0529
25,16,15.5308,15.4609
25,17,17.1653,16.4742
25,18,18.9767,18.1503
25,19,18.3903,20.1729
26,0,-0.431988,-0.200769
26,1,1.37447,1.55101
26,2,1.40853,1.81029
26,3,4.03757,3.37645
26,4,4.00933,4.12263
26,5,4.57946,4.42575
26,6,5.44242,5.96384
26,7,6.69358,7.02689
26,8,9.17035,8.39292
26,9,9.24853,7.70518
26,10,9.80475,10.7396
26,11,10.8839,11.437
26,12,11.9803,11.4733
26,13,13.2778,12.8802
26,14,14.2646,13.4143
26,15,14.6084,15.3766
26,16,15.8715,15.7776
26,17,16.8924,17.5134
26,18,16.9923,17.6389
26,19,18.7899,18.5084
27,0,0.4791,-0.58344
27,1,0.372626,0.373238
27,2,1.72298,2.12858
27,3,2.39463,3.44802
27,4,4.44128,4.31055
27,5,4.53875,3.80264
27,6,5.78021,5.74948
27,7,7.66134,6.35871
27,8,7.87931,8.18847
27,9,8.94682,9.37934
27,10,10.642,9.99187
27,11,10.3883,10.824
27,12,12.3932,12.6808
27,13,12.503,13.2254
27,14,15.1109,14.4108
27,15,15.477,15.6306
27,16,16.9191,15.9404
27,17,17.2823,16.9916
27,18,18.106,17.4078
27,19,19.1565,18.8337
28,0,0.363799,0.162259
28,1,0.505321,1.00348
28,2,1.87078,1.64413
28,3,1.90258,3.17787
28,4,4.51285,3.63278
28,5,5.73617,5.31314
28,6,6.0892,6.17757
28,7,7.37911,7.10177
28,8,7.31145,7.02379
28,9,8.67321,7.82265
28,10,10.2572,10.8774
28,11,11.632,11.0934
28,12,11.8827,12.7603
28,13,13.2563,13.1877
28,14,14.395,14.0588
28,15,15.528,15.8625
28,16,16.2365,14.9401
28,17,16.7345,17.2361
28,18,18.055,17.4741
28,19,18.413,19.6973
29,0,-0.740414,0.019711
29,1,1.1038,0.836362
29,2,1.29272,2.12324
29,3,3.19895,2.8542
29,4,5.28963,3.83645
29,5,4.32698,5.21029
29,6,6.46674,5.35751
29,7,6.39177,6.62749
29,8,7.71649,6.64201
29,9,7.9629,8.47979
29,10,9.33592,10.5592
29,11,10.6831,11.0855
29,12,11.9688,10.8466
29,13,12.6107,12.7362
29,14,13.6987,13.2892
29,15,15.0349,14.9519
29,16,15.96,14.9973
29,17,16.652,16.59
29,18,18.3109,17.8624
29,19,18.9682,19.4913
30,0,-0.113592,-0.169228
30,1,0.438355,0.97187
30,2,1.34695,2.43517
30,3,3.19473,3.48091
30,4,4.17208,3.10453
30,5,6.18059,3.60319
30,6,6.30019,5.21041
30,7,6.93537,7.33014
30,8,7.49381,8.40393
30,9,8.80758,9.1718
30,10,9.0948,10.2324
30,11,11.5127,10.5337
30,12,12.7565,12.3189
30,13,13.8076,13.292
30,14,13.172,14.7532
30,15,14.8087,14.4929
30,16,16.3492,15.3751
30,17,16.6058,18.3125
30,18,17.3012,17.4483
30,19,18.8609,18.2825
31,0,0.011419,-0.489479
31,1,0.797178,0.57597
31,2,1.67957,2.17936
31,3,2.45508,4.58922
31,4,5.28747,4.10173
31,5,5.52152,5.47425
31,6,5.89146,5.54107
31,7,5.76086,7.72913
31,8,8.79724,7.85137
31,9,9.28316,8.49638
31,10,9.68122,10.6189
31,11,11.4486,11.3097
31,12,12.0715,11.6307
31,13,13.5943,12.6121
31,14,13.7029,14.8829
31,15,15.5512,14.3662
31,16,16.4283,16.8875
31,17,16.7793,15.9337
31,18,17.4266,17.3766
31,19,19.0795,18.7954
32,0,0.798888,0.128846
32,1,1.33586,0.944248
32,2,2.48466,1.57357
32,3,2.85454,3.10097
32,4,4.1735,4.09862
32,5,4.84387,5.12448
32,6,6.16598,6.59378
32,7,6.95258,6.97089
32,8,7.90075,8.60911
32,9,8.12523,8.95321
32,10,10.3086,9.7592
32,11,11.3921,11.6515
32,12,10.4409,11.9214
32,13,13.3727,12.7055
32,14,13.8213,14.4369
32,15,15.6804,14.4343
32,16,16.0994,16.0444
32,17,16.7532,17.4481
32,18,17.4544,18.3261
32,19,19.02,19.3547
33,0,0.223644,0.574968
33,1,1.2966,0.818333
33,2,1.15774,3.70438
33,3,2.53238,4.01742
33,4,2.96715,3.92831
33,5,4.7493,5.33029
33,6,5.70148,5.30632
33,7,6.95556,7.49443
33,8,7.36166,8.42727
33,9,9.39159,9.08493
33,10,9.60183,10.6581
33,11,10.7559,10.4172
33,12,11.8272,11.8118
33,13,13.5225,13.2171
33,14,14.3454,13.7078
33,15,14.6756,14.2464
33,16,15.6351,16.7756
33,17,17.1237,16.9332
33,18,17.6268,17.8319
33,19,19.3432,19.1294
34,0,-0.0343337,0.489185
34,1,1.2453,0.804974
34,2,1.83914,1.62585
34,3,3.40041,2.66455
34,4,4.5858,5.02259
34,5,4.96021,5.12177
34,6,5.60617,6.11859
34,7,7.05341,7.57819
34,8,7.80419,8.08789
34,9,9.67455,8.68255
34,10,10.1724,9.6508
34,11,11.3981,11.1605
34,12,11.1775,11.5315
34,13,13.7429,12.9899
34,14,14.2263,14.3656
34,15,14.7041,15.6328
34,16,15.9163,16.3948
34,17,16.0492,16.3784
34,18,18.013,18.0459
34,19,18.4693,20.1753
35,0,0.467591,0.223915
35,1,1.00707,0.8821
35,2,2.64871,2.65036
35,3,2.6954,3.07333
35,4,4.5424,4.22079
35,5,4.40645,6.91861
35,6,5.57901,5.62423
35,7,6.84997,6.9989
35,8,8.32862,7.77746
35,9,9.09456,9.18404
35,10,9.45653,9.68845
35,11,10.1022,11.0275
35,12,12.5304,12.9262
35,13,13.7535,13.6528
35,14,14.2083,13.1951
35,15,15.1986,14.867
35,16,16.9459,15.6325
35,17,16.917,16.8893
35,18,18.7957,17.5617
35,19,19.504,19.7803
36,0,-0.574581,-0.218845
36,1,1.25712,2.11642
36,2,2.59898,1.71796
36,3,2.40381,4.16848
36,4,3.42588,4.01837
36,5,5.02738,6.06178
36,6,6.16269,6.17336
36,7,6.97256,7.46165
36,8,9.16216,9.00349
36,9,9.4571,8.40936
36,10,9.33333,9.75293
36,11,10.9745,10.7933
36,12,12.6175,11.3687
36,13,12.6866,12.6194
36,14,13.5041,13.4284
36,15,16.1687,15.4399
36,16,16.6324,15.9316
36,17,16.1988,16.338
36,18,18.9563,18.0243
36,19,19.1467,19.8627
37,0,-0.100314,0.897313
37,1,0.892956,0.205964
37,2,1.15488,1.87816
37,3,3.32622,3.08012
37,4,4.29738,4.39292
37,5,4.9672,5.30846
37,6,6.43573,5.20638
37,7,6.98282,6.14796
37,8,7.80594,8.67093
37,9,9.21741,8.34676
37,10,10.097,10.0529
37,11,11.2279,10.5555
37,12,12.2125,12.4238
37,13,12.8761,12.6602
37,14,13.5488,13.8919
37,15,14.556,15.0088
37,16,15.7991,15.5453
37,17,17.6196,17.0974
37,18,18.3574,17.7523
37,19,19.8075,19.0893
38,0,0.199001,0.87059
38,1,1.01933,1.85513
38,2,1.66098,2.06937
38,3,2.92167,3.96769
38,4,4.46071,5.21001
38,5,5.44961,4.78772
38,6,5.16701,6.17732
38,7,7.29713,8.42648
38,8,7.10091,8.19199
38,9,9.03904,8.40982
38,10,9.59256,10.688
38,11,11.2646,10.0944
38,12,11.6871,11.6644
38,13,12.9107,13.3452
38,14,13.4422,13.4807
38,15,14.4597,14.1427
38,16,15.8914,15.396
38,17,17.2118,17.4183
38,18,18.2749,18.249
38,19,18.9712,19.6868
39,0,0.436642,0.170172
39,1,0.931742,1.01111
39,2,1.52273,2.15399
39,3,2.25301,2.80476
39,4,4.53717,3.76469
39,5,5.00061,4.33019
39,6,6.24823,6.14926
39,7,6.93246,6.65043
39,8,7.97839,7.63107
39,9,9.31007,8.96379
39,10,9.9234,9.66439
39,11,10.5256,10.929
39,12,11.1374,11.8347
39,13,12.9571,13.2259
39,14,14.2968,14.0167
39,15,15.1162,15.0165
39,16,16.3283,16.2308
39,17,17.6372,16.2733
39,18,18.7499,17.655
39,19,18.1661,18.2574
40,0,0.296487,0.327353
40,1,1.10076,0.634544
40,2,3.10465,1.49237
40,3,3.46645,3.10891
40,4,3.57715,3.56516
40,5,4.63174,4.7767
40,6,5.39166,4.61985
40,7,7.75933,6.1303
40,8,7.30449,8.35557
40,9,8.67026,9.50857
40,10,9.40425,9.00364
40,11,11.1537,11.8657
40,12,11.2927,12.6754
40,13,12.553,13.0562
40,14,13.8509,13.7824
40,15,15.7549,15.0234
40,16,16.125,15.6835
40,17,16.9311,17.0136
40,18,17.9917,18.0996
40,19,19.5066,18.999
41,0,-0.321827,0.116787
41,1,1.6818,0.69534
41,2,2.03937,1.16136
41,3,3.86186,3.68245
41,4,3.76514,3.84231
41,5,5.5663,4.5102
41,6,5.98398,6.44818
41,7,6.98838,6.6602
41,8,9.17032,8.50038
41,9,8.81098,8.53298
41,10,10.331,9.82547
41,11,11.3849,10.7831
41,12,11.7503,12.0721
41,13,12.4791,12.1502
41,14,14.8769,14.7505
41,15,14.9218,15.4229
41,16,15.9178,15.8149
41,17,16.752,15.7251
41,18,17.8104,18.0212
41,19,18.3446,19.5565
42,0,-0.182948,-0.376175
42,1,1.03221,1.97993
42,2,2.21318,2.01291
42,3,3.62315,4.0093
42,4,2.89598,3.99532
42,5,4.4712,3.95056
42,6,5.72334,6.30466
42,7,7.40396,7.26149
42,8,7.45605,8.25595
42,9,7.79811,8.68966
42,10,9.58618,10.2733
42,11,11.0345,11.4434
42,12,11.9908,11.5715
42,13,12.8016,13.1136
42,14,13.87,14.4101
42,15,15.478,14.9497
42,16,16.5841,15.5819
42,17,17.7266,16.7344
42,18,18.3971,17.8403
42,19,19.229,19.0543
43,0,-0.0162479,0.653318
43,1,0.464494,1.09952
43,2,1.0481,2.22006
43,3,3.16057,3.67254
43,4,4.30961,4.15875
43,5,4.56737,4.62255
43,6,5.89952,5.83774
43,7,6.73147,6.76008
43,8,7.48225,9.02474
43,9,10.1176,8.72068
43,10,9.60801,9.49096
43,11,10.482,11.9846
43,12,11.3912,12.3633
43,13,12.5991,12.2341
43,14,13.5678,14.3078
43,15,14.5734,14.7237
43,16,16.7469,16.7187
43,17,18.0092,17.3778
43,18,18.3973,17.8983
43,19,18.6905,18.5394
44,0,-0.00430155,-1.06943
44,1,1.27732,0.78847
44,2,1.67334,2.38988
44,3,4.09039,2.78048
44,4,4.49343,4.76944
44,5,5.77809,5.10803
44,6,5.70034,5.74119
44,7,7.18034,6.74724
44,8,7.72233,7.90183
44,9,8.46638,9.43826
44,10,9.50514,9.96039
44,11,11.1016,11.0597
44,12,13.4886,12.5874
44,13,12.9795,13.6668
44,14,14.006,12.979
44,15,15.3819,15.622
44,16,15.8702,17.0546
44,17,16.7259,17.4516
44,18,17.6838,17.685
44,19,18.4746,19.5347
45,0,-0.260616,0.291793
45,1,1.3181,1.17394
45,2,2.14759,1.26911
45,3,3.4807,3.32129
45,4,3.97469,3.53677
45,5,5.33983,4.40408
45,6,6.15658,6.1051
45,7,6.47997,6.57967
45,8,8.13491,7.78662
45,9,9.61439,9.00732
45,10,10.3899,9.78657
45,11,11.4946,10.2772
45,12,10.6267,12.2465
45,13,13.0754,13.0217
45,14,14.1965,13.5087
45,15,14.6073,14.7714
45,16,15.4766,16.5785
45,17,17.1145,17.2878
45,18,18.4913,19.1948
45,19,19.5224,19.359
46,0,0.169024,-0.0695736
46,1,1.37099,1.15616
46,2,1.64106,2.19335
46,3,2.43511,3.018
46,4,3.99633,5.05916
46,5,4.98794,4.20354
46,6,6.07692,7.32866
46,7,7.55275,6.72559
46,8,7.53822,7.87905
46,9,8.28529,9.15949
46,10,9.71801,8.60618
46,11,11.1687,10.8536
46,12,11.384,11.8033
46,13,13.2035,13.2698
46,14,14.3532,14.5163
46,15,15.7476,14.2641
46,16,15.7043,15.928
46,17,17.467,16.4949
46,18,18.1341,18.4712
46,19,18.2693,19.4501
47,0,0.706336,0.32114
47,1,1.24351,0.362414
47,2,1.96378,1.31004
47,3,3.2266,3.15543
47,4,3.43516,3.60164
47,5,5.00962,5.08153
47,6,6.10791,6.47158
47,7,6.72648,6.59433
47,8,7.00391,7.49467
47,9,8.77113,9.12421
47,10,10.2057,10.5255
47,11,10.252,10.3834
47,12,11.9009,12.1278
47,13,13.816,12.572
47,14,14.3016,14.1635
47,15,15.47,15.6322
47,16,15.1258,16.2117
47,17,16.7809,17.3258
47,18,17.5071,19.0633
47,19,18.5702,18.7421
48,0,-0.587909,0.154466
48,1,0.800683,0.962854
48,2,2.52519,1.83796
48,3,2.19357,3.33191
48,4,4.11929,4.18977
48,5,4.52101,4.97518
48,6,5.27859,6.21375
48,7,7.13784,7.04886
48,8,7.8307,8.81437
48,9,7.61806,9.32638
48,10,10.133,9.45741
48,11,10.5439,10.9847
48,12,11.2488,12.1101
48,13,12.5459,14.1892
48,14,14.4896,13.5971
48,15,14.0732,15.2158
48,16,16.3053,15.7978
48,17,17.1112,16.8779
48,18,18.0001,17.5527
48,19,17.9292,18.5591
49,0,-0.688003,-0.60503
49,1,0.815418,1.66575
49,2,3.14097,1.55713
49,3,1.96877,3.3323
49,4,3.48417,4.18599
49,5,5.72016,5.96106
49,6,6.26141,6.78999
49,7,7.83656,6.88191
49,8,7.45332,8.41312
49,9,8.80915,9.9112
49,10,9.95148,9.6184
49,11,10.5906,10.7524
49,12,11.6997,12.2689
49,13,12.8846,12.6625
49,14,14.6318,13.1235
49,15,14.8607,14.6993
49,16,16.0428,16.0429
49,17,17.3987,17.6971
49,18,18.2943,17.2523
49,19,18.5602,20.3304
50,0,-0.860626,-0.106077
50,1,0.916071,1.18207
50,2,1.37559,1.59147
50,3,2.94461,3.05943
50,4,3.47476,2.59166
50,5,5.38302,5.58448
50,6,6.4472,5.98988
50,7,8.30535,6.21158
50,8,7.86269,7.64779
50,9,9.01271,9.29034
50,10,9.27122,9.60101
50,11,11.4077,10.0503
50,12,12.0656,12.2291
50,13,13.6965,12.7261
50,14,13.8338,13.3733
50,15,14.9279,14.3956
50,16,16.1797,15.4865
50,17,16.7483,16.8446
50,18,18.6982,18.0097
50,19,19.2486,18.9269
51,0,-0.749115,-0.0172162
51,1,1.09158,0.86226
51,2,1.31723,1.70617
51,3,2.57563,3.1269
51,4,3.66533,4.35846
51,5,4.82005,4.62252
51,6,6.685,6.07502
51,7,6.59918,6.59739
51,8,7.66208,8.61491
51,9,8.36583,9.14323
51,10,9.96088,10.6738
51,11,10.8528,11.8553
51,12,11.6812,12.1331
51,13,12.928,12.7517
51,14,13.6701,14.2411
51,15,15.1732,14.674
51,16,16.1908,16.2515
51,17,16.7592,17.2351
51,18,17.7608,17.0773
51,19,18.2219,19.6891
52,0,-0.0417076,0.158983
52,1,0.963198,2.31015
52,2,1.74654,1.33823
52,3,3.2874,3.00324
52,4,3.47895,4.1071
52,5,5.01144,5.44319
52,6,6.05208,5.81295
52,7,5.9573,7.36657
52,8,7.93702,7.25145
52,9,9.00419,9.67955
52,10,10.1476,8.9468
52,11,11.1119,11.0431
52,12,11.566,11.1097
52,13,12.946,13.8129
52,14,14.1226,14.0206
52,15,14.8043,14.7602
52,16,16.4218,16.653
52,17,16.4832,17.3046
52,18,18.8239,18.3196
52,19,20.0433,18.9819
53,0,0.186388,-0.221213
53,1,0.575221,1.01708
53,2,0.807574,2.47922
53,3,2.98747,3.61534
53,4,4.25283,3.25171
53,5,3.8211,4.87066
53,6,6.3283,6.00215
53,7,6.58759,7.37979
53,8,7.9549,8.86865
53,9,8.75473,8.78595
53,10,9.87772,10.3156
53,11,9.29084,10.939
53,12,11.9183,12.423
53,13,13.4535,12.7293
53,14,14.2624,14.4476
53,15,15.4269,15.5395
53,16,16.5692,15.7335
53,17,17.0555,17.5517
53,18,18.5992,17.5987
53,19,18.9323,19.4345
54,0,-0.00508156,-0.658218
54,1,1.77885,0.0822955
54,2,1.53137,2.01962
54,3,2.1225,3.95778
54,4,4.29675,4.53799
54,5,4.64674,5.6659
54,6,5.50023,6.11832
54,7,7.61607,5.5465
54,8,7.86041,7.21276
54,9,8.90984,10.1821
54,10,9.86934,10.6632
54,11,11.4088,11.4715
54,12,12.1241,11.1383
54,13,13.9474,12.8934
54,14,14.9631,13.9298
54,15,15.1586,13.788
54,16,16.6183,15.8273
54,17,17.2701,16.5613
54,18,16.8723,17.6141
54,19,19.1598,18.4765
55,0,0.759848,-0.0742293
55,1,1.51916,1.30854
55,2,1.89964,1.66521
55,3,2.73555,2.65207
55,4,4.12492,3.87613
55,5,4.77194,5.49658
55,6,6.91433,6.17908
55,7,6.24949,7.17757
55,8,7.36937,8.20358
55,9,8.03829,9.07123
55,10,10.0889,10.0321
55,11,11.7981,11.4982
55,12,11.8383,11.9736
55,13,13.8681,12.989
55,14,13.0274,13.5711
55,15,15.419,14.2
55,16,16.8157,15.724
55,17,16.7559,16.6892
55,18,18.2743,17.7469
55,19,18.5313,18.8327
56,0,0.378637,0.00457019
56,1,1.02627,0.705537
56,2,2.13717,0.661989
56,3,3.4006,3.26515
56,4,5.03,4.16506
56,5,5.22835,5.24935
56,6,5.81368,5.54417
56,7,6.82491,7.15751
56,8,7.60188,8.00775
56,9,7.75097,8.10541
56,10,9.53049,10.0076
56,11,11.4525,11.2125
56,12,11.7007,12.5829
56,13,13.5255,12.6107
56,14,13.1845,14.6117
56,15,14.5313,15.133
56,16,15.8666,16.1928
56,17,17.7198,16.4424
56,18,17.5201,17.4737
56,19,18.3947,18.3829
57,0,0.20989,0.200442
57,1,1.9725,1.46816
57,2,1.91577,2.65708
57,3,2.7469,2.19928
57,4,3.87961,3.96604
57,5,4.66709,5.19456
57,6,5.58956,6.92479
57,7,6.9991,7.00072
57,8,8.42264,7.86051
57,9,8.4171,9.47618
57,10,9.60355,10.1387
57,11,11.5026,10.5467
57,12,12.7553,12.28
57,13,13.1767,12.8189
57,14,14.5257,14.1365
57,15,13.9782,14.9785
57,16,15.1777,16.358
57,17,17.0749,16.7093
57,18,17.8604,18.739
57,19,18.5477,19.1769
58,0,-0.160443,0.270433
58,1,1.00278,1.29944
58,2,1.91011,1.82581
58,3,3.17665,3.54271
58,4,4.92664,3.12462
58,5,4.9227,6.11747
58,6,5.77269,6.0621
58,7,7.12825,6.26063
58,8,6.97187,8.48341
58,9,9.391,9.90172
58,10,10.4236,10.4338
58,11,11.4282,11.523
58,12,12.6126,12.313
58,13,12.7342,12.5145
58,14,12.9965,13.6316
58,15,15.2394,14.9169
58,16,16.611,16.3431
58,17,16.7367,17.4361
58,18,18.0992,16.6967
58,19,18.181,19.385
59,0,-0.460774,0.574886
59,1,0.818489,0.512581
59,2,2.66473,2.22867
59,3,3.27476,2.90043
59,4,4.22775,3.41421
59,5,5.70102,4.85821
59,6,5.7257,7.18994
59,7,6.70336,6.42805
59,8,7.443,8.04352
59,9,10.2114,8.42724
59,10,8.75715,10.5616
59,11,10.5563,11.6029
59,12,12.0638,12.5268
59,13,12.025,13.2125
59,14,13.3617,15.0058
59,15,14.5343,14.5829
59,16,15.2896,15.5962
59,17,16.152,16.9118
59,18,18.8919,17.9236
59,19,19.0128,18.9134
60,0,-0.0545464,-1.20176
60,1,0.118752,-0.24078
60,2,2.03486,1.62332
60,3,3.29927,2.80874
60,4,3.44023,4.85731
60,5,4.85706,4.67419
60,6,5.5098,6.05936
60,7,7.78363,6.97543
60,8,8.07656,7.81043
60,9,9.60405,10.2982
60,10,10.0831,10.1337
60,11,10.4007,11.3075
60,12,12.5719,12.2561
60,13,12.5814,13.9099
60,14,14.0076,13.6198
60,15,14.6233,14.3292
60,16,16.5328,15.2966
60,17,16.5238,16.5002
60,18,18.3073,17.1781
60,19,18.7166,18.473
61,0,0.2958,0.204687
61,1,1.7126,0.518774
61,2,2.28055,1.64865
61,3,4.01022,2.31955
61,4,3.76914,3.81979
61,5,4.785,5.08721
61,6,6.00554,6.86752
61,7,8.03427,7.31406
61,8,8.21596,8.19251
61,9,8.8323,8.75427
61,10,11.1131,9.67807
61,11,11.5351,11.22
61,12,11.4573,12.1022
61,13,13.4124,12.2025
61,14,14.427,13.6321
61,15,15.4158,14.0661
61,16,16.0488,15.9886
61,17,16.8351,17.6359
61,18,17.5979,17.8321
61,19,20.4246,19.7248
62,0,0.153775,0.191995
62,1,1.30869,1.27681
62,2,1.40104,2.21009
62,3,2.94786,3.70906
62,4,3.88773,3.38976
62,5,4.18068,4.66678
62,6,5.80785,5.88856
62,7,6.80954,6.94349
62,8,8.03742,7.81184
62,9,8.85254,8.02724
62,10,9.62113,9.24414
62,11,10.2597,10.9784
62,12,12.6635,12.5436
62,13,13.1852,12.8464
62,14,13.1067,13.8846
62,15,14.1783,15.4505
62,16,16.1468,15.7591
62,17,16.9875,16.9457
62,18,18.7428,18.1419
62,19,18.5279,19.7093
63,0,-0.309604,0.561393
63,1,0.481953,0.983385
63,2,2.31815,2.11191
63,3,3.40028,3.72129
63,4,3.59313,3.69439
63,5,4.90346,4.92152
63,6,6.64136,6.33743
63,7,7.54065,6.26146
63,8,7.99592,8.15276
63,9,8.94673,8.84137
63,10,9.55618,9.16268
63,11,10.9933,12.6765
63,12,11.9712,12.3761
63,13,12.3291,13.8086
63,14,14.8803,13.6621
63,15,13.9624,15.0075
63,16,16.477,15.6586
63,17,16.838,17.0689
63,18,17.0777,17.6519
63,19,19.8554,19.315
64,0,0.146709,0.0477143
64,1,1.56519,2.0391
64,2,1.85968,1.36827
64,3,2.48313,2.41115
64,4,4.11722,4.07437
64,5,5.69675,5.08878
64,6,5.79514,6.76938
64,7,6.91709,7.41425
64,8,7.55243,8.16532
64,9,9.39082,9.16796
64,10,9.76421,9.97773
64,11,10.6223,10.8356
64,12,12.4158,12.903
64,13,12.4877,12.4281
64,14,14.2083,13.5764
64,15,15.2426,15.0257
64,16,15.7258,15.3599
64,17,16.5753,16.8466
64,18,17.6638,17.8482
64,19,19.3839,18.9464
65,0,0.246185,0.320247
65,1,-0.299637,0.221745
65,2,1.14352,2.33634
65,3,2.96686,2.23639
65,4,4.28875,3.35642
65,5,5.18963,5.13527
65,6,5.08543,5.62008
65,7,6.59059,7.04776
65,8,7.91727,8.47987
65,9,9.55869,9.78345
65,10,9.83336,10.1926
65,11,10.6392,11.8007
65,12,10.5839,11.4428
65,13,12.5481,12.5081
65,14,14.2524,14.3
65,15,15.4861,14.4916
65,16,16.3167,16.5838
65,17,17.9403,16.9973
65,18,18.1924,17.5338
65,19,18.7707,19.295
66,0,-0.253557,-0.299449
66,1,0.127771,1.518
66,2,2.25905,1.767
66,3,2.43558,3.72006
66,4,3.76051,3.72946
66,5,4.34876,4.61912
66,6,5.86503,6.10316
66,7,6.63103,5.84624
66,8,8.20257,7.75366
66,9,9.25912,9.56336
66,10,10.2962,9.95965
66,11,10.7532,11.0173
66,12,12.8894,11.7179
66,13,12.7925,12.9545
66,14,13.7113,14.0739
66,15,14.7496,15.4803
66,16,15.5766,16.3001
66,17,18.0533,17.0919
66,18,18.3541,17.2388
66,19,18.7651,19.378
67,0,0.298649,0.19816
67,1,2.12877,0.584762
67,2,3.11316,1.55743
67,3,3.13224,3.00124
67,4,4.28145,3.72992
67,5,5.23693,4.72747
67,6,6.43578,5.3026
67,7,7.17447,6.93234
67,8,8.02168,8.21939
67,9,9.37197,8.93481
67,10,10.3799,9.96433
67,11,10.2306,10.8485
67,12,11.5087,13.0251
67,13,12.7502,12.1281
67,14,13.8114,13.6364
67,15,14.4346,15.2424
67,16,15.6082,16.5331
67,17,16.5023,15.6579
67,18,17.6809,18.1343
67,19,18.693,19.2041
68,0,0.324905,0.244569
68,1,0.476689,0.347205
68,2,2.56027,2.4238
68,3,2.44272,2.47136
68,4,4.01871,4.21636
68,5,5.16841,5.17007
68,6,5.72782,5.77972
68,7,6.70135,7.53656
68,8,7.74402,8.35144
68,9,8.98124,8.75189
68,10,10.1836,9.52865
68,11,10.2643,10.4885
68,12,11.6392,12.7503
68,13,13.315,12.1984
68,14,14.4963,13.6838
68,15,15.9595,15.1638
68,16,16.2671,15.4267
68,17,17.6871,16.4697
68,18,17.2222,18.2635
68,19,17.5561,18.6274
69,0,-1.05853,-0.0853106
69,1,1.1975,0.757388
69,2,1.75278,2.3826
69,3,4.06544,3.2503
69,4,4.77612,2.86427
69,5,5.54487,4.85871
69,6,5.7692,6.4568
69,7,6.39269,7.29259
69,8,8.54523,7.59217
69,9,8.93807,8.71576
69,10,9.83464,9.88154
69,11,11.2041,11.0322
69,12,12.3546,12.9156
69,13,13.2264,12.8583
69,14,13.5262,14.6472
69,15,15.4455,16.2779
69,16,16.0015,16.2903
69,17,16.7266,16.2793
69,18,19.1665,17.8336
69,19,18.2216,18.6242
70,0,0.494136,-0.236115
70,1,0.744471,2.07298
70,2,1.04581,2.05726
70,3,2.89942,2.14371
70,4,3.84715,4.54649
70,5,5.99872,4.73742
70,6,5.32017,5.48947
70,7,6.03382,6.51685
70,8,7.66694,8.73161
70,9,8.76891,9.9925
70,10,9.05173,10.6124
70,11,11.121,11.2025
70,12,13.0535,11.9741
70,13,13.6085,12.8565
70,14,12.9301,14.2042
70,15,15.3853,15.6466
70,16,15.4875,15.7549
70,17,17.1459,16.0499
70,18,17.4674,17.6062
70,19,17.5342,18.3506
71,0,-0.303944,0.020199
71,1,0.797995,2.14418
71,2,2.60935,2.09683
71,3,3.17018,3.96846
71,4,3.89134,3.82082
71,5,5.69716,5.38931
71,6,5.00899,6.57615
71,7,7.23342,7.15357
71,8,8.18563,8.21682
71,9,8.22775,8.1584
71,10,9.59038,10.3607
71,11,11.6961,12.2289
71,12,11.6364,10.8405
71,13,12.6954,12.1312
71,14,14.9095,12.9847
71,15,15.2664,15.3357
71,16,16.2666,14.8257
71,17,18.2354,17.317
71,18,17.4481,17.5332
71,19,18.9399,19.1536
72,0,0.300477,-0.609522
72,1,1.43634,0.3563
72,2,2.25224,2.45047
72,3,3.0492,3.46604
72,4,4.21478,3.06303
72,5,5.09601,4.74229
72,6,5.58562,5.71199
72,7,6.9468,6.75356
72,8,9.05386,7.81199
72,9,8.69154,8.53488
72,10,10.1393,9.25463
72,11,12.0236,10.09
72,12,11.0705,12.5345
72,13,13.4445,13.1594
72,14,14.1945,14.6201
72,15,15.0687,15.5839
72,16,15.4039,15.5818
72,17,16.5725,16.2675
72,18,18.0265,17.5186
72,19,18.1896,18.4702
73,0,0.474645,-0.343749
73,1,0.787428,0.577807
73,2,1.83679,2.10497
73,3,2.87294,3.46206
73,4,4.19307,4.57888
73,5,4.35759,4.92154
73,6,5.59723,6.4105
73,7,6.01606,6.67021
73,8,7.09328,7.52751
73,9,8.61433,9.7378
73,10,9.70344,8.77967
73,11,10.66,10.402
73,12,11.5776,11.3633
73,13,13.5439,13.1051
73,14,13.3149,13.4906
73,15,15.3641,14.4443
73,16,16.1682,15.5284
73,17,16.268,16.3984
73,18,18.821,17.6386
73,19,19.7561,19.6223
74,0,0.623082,-0.306789
74,1,0.785526,0.885409
74,2,1.78673,1.49693
74,3,4.1004,2.94054
74,4,2.63524,3.94546
74,5,5.58073,4.24152
74,6,6.4508,6.39743
74,7,7.74361,7.27018
74,8,7.07995,7.71178
74,9,8.20873,8.19204
74,10,9.79083,10.7406
74,11,11.0153,10.5458
74,12,11.8654,11.8525
74,13,13.2367,13.2874
74,14,14.0698,14.112
74,15,15.9033,16.1699
74,16,15.1322,15.6784
74,17,16.7597,18.0961
74,18,18.1697,17.6686
74,19,18.5608,18.9348
75,0,-0.014072,0.533687
75,1,1.14408,0.488669
75,2,2.40304,1.80309
75,3,3.15799,2.7927
75,4,4.18507,3.42982
75,5,4.79259,5.26811
75,6,6.00041,6.23221
75,7,7.05536,7.45882
75,8,7.65945,8.05066
75,9,9.08301,9.40471
75,10,9.02179,9.93386
75,11,11.2527,11.2454
75,12,11.4588,12.4312
75,13,13.2084,12.8218
75,14,13.4508,13.8846
75,15,14.1651,15.0378
75,16,17.0702,17.0941
75,17,17.0408,16.7923
75,18,17.9875,17.773
75,19,18.6265,19.07
76,0,-0.372311,-0.117015
76,1,0.825653,0.479037
76,2,0.803261,2.20808
76,3,3.89236,2.91274
76,4,4.24557,3.63811
76,5,4.87548,5.39879
76,6,6.27309,6.49728
76,7,6.87123,8.14775
76,8,8.22966,7.37067
76,9,8.28328,8.02418
76,10,9.5359,10.1977
76,11,10.8379,11.4268
76,12,11.7594,11.7663
76,13,13.2817,12.9535
76,14,13.7074,13.6259
76,15,15.7154,15.1852
76,16,15.8903,16.1323
76,17,15.9201,16.6786
76,18,18.0212,18.2015
76,19,18.9188,17.9005
77,0,0.677802,-0.787699
77,1,0.814643,1.05424
77,2,2.59399,1.58818
77,3,2.63169,3.33048
77,4,4.12217,4.16221
77,5,4.57108,4.42324
77,6,6.41655,5.41241
77,7,7.69117,7.71004
77,8,7.42566,8.18905
77,9,9.71964,9.40459
77,10,9.0766,10.3923
77,11,10.9435,10.3293
77,12,12.1511,12.225
77,13,12.5159,13.4611
77,14,14.3455,14.2587
77,15,15.0651,14.7016
77,16,16.2305,14.9936
77,17,17.1776,17.0181
77,18,17.2165,17.7351
77,19,18.7795,19.0896
78,0,0.0226452,0.0846856
78,1,1.75226,1.07471
78,2,2.21007,1.12743
78,3,2.45679,2.9725
78,4,3.87139,4.07627
78,5,5.26777,5.58744
78,6,5.22165,6.13039
78,7,6.60157,6.79759
78,8,7.77664,8.80908
78,9,9.27074,9.10078
78,10,10.6286,10.7773
78,11,11.7819,10.9115
78,12,11.9979,13.5875
78,13,12.8622,13.5966
78,14,15.3322,13.3851
78,15,15.7789,15.1121
78,16,16.4523,17.4349
78,17,15.9003,16.3279
78,18,17.7983,17.6385
78,19,18.7432,18.3776
79,0,0.0540266,0.40966
79,1,0.505213,0.949584
79,2,2.2232,2.15619
79,3,3.42689,3.20706
79,4,3.90392,3.82798
79,5,5.32535,5.38631
79,6,5.08019,6.37886
79,7,7.27041,7.23436
79,8,7.49764,8.20937
79,9,9.25504,8.17485
79,10,10.3334,10.1035
79,11,11.2333,11.5517
79,12,12.452,12.2625
79,13,13.5479,13.2432
79,14,13.2702,14.8898
79,15,13.6253,15.2881
79,16,15.6882,15.99
79,17,17.6281,17.5058
79,18,17.5628,17.8028
79,19,19.2517,19.6689
80,0,-0.237677,0.0471492
80,1,1.01461,1.51769
80,2,1.84345,1.86104
80,3,3.66904,3.55427
80,4,3.91494,2.90561
80,5,4.87944,5.66559
80,6,6.17464,5.80327
80,7,7.32787,7.46154
80,8,8.00137,8.07186
80,9,8.81534,8.8922
80,10,9.49215,9.53742
80,11,11.3059,11.2903
80,12,12.0123,12.5478
80,13,13.4022,12.7592
80,14,13.9301,13.8172
80,15,15.613,15.3105
80,16,16.318,16.5224
80,17,17.0543,17.774
80,18,17.6837,17.8107
80,19,19.1763,19.339
81,0,-0.0377447,0.00431739
81,1,0.584434,1.60969
81,2,2.92572,1.63375
81,3,3.31619,2.52663
81,4,4.27829,3.45771
81,5,4.94143,4.82637
81,6,5.36196,5.31938
81,7,7.9655,6.43842
81,8,8.73645,8.18333
81,9,8.16854,9.43106
81,10,10.3439,9.93686
81,11,12.547,9.80626
81,12,11.0621,11.7899
81,13,13.0029,12.7404
81,14,14.3258,12.5191
81,15,13.7487,14.8079
81,16,15.6298,15.1385
81,17,16.9411,17.9016
81,18,18.3846,16.9716
81,19,18.5468,18.8476
82,0,0.0649862,0.718198
82,1,0.871409,1.7943
82,2,2.079,1.36987
82,3,2.41905,2.52948
82,4,3.98211,4.40642
82,5,4.97181,4.67594
82,6,5.89988,5.84462
82,7,7.17676,6.665
82,8,8.19803,8.12729
82,9,9.19687,9.21424
82,10,9.62594,10.2227
82,11,10.7705,11.4561
82,12,11.1094,12.0663
82,13,12.9399,12.8964
82,14,14.0215,13.6927
82,15,15.0011,15.171
82,16,14.4519,15.9169
82,17,16.9993,16.8009
82,18,19.2666,18.1408
82,19,18.8854,19.013
83,0,-0.245534,0.0846337
83,1,0.15804,1.78479
83,2,1.52999,2.15106
83,3,2.97109,3.37562
83,4,4.29734,3.39236
83,5,5.28312,5.21224
83,6,6.44689,6.0939
83,7,7.31611,6.41562
83,8,8.68979,8.07023
83,9,8.52905,8.93452
83,10,11.1683,10.6588
83,11,10.5639,11.8995
83,12,12.8492,12.79
83,13,13.1797,13.4191
83,14,13.3858,13.6921
83,15,14.4197,14.7145
83,16,15.4818,14.6676
83,17,16.5555,15.9031
83,18,17.8289,18.0305
83,19,19.4661,18.6461
84,0,0.172022,0.086262
84,1,0.475824,0.586362
84,2,1.81007,1.31006
84,3,2.87213,2.65164
84,4,4.01012,3.84866
84,5,4.92142,4.92526
84,6,6.28552,6.32928
84,7,6.41611,6.59252
84,8,8.70981,8.19127
84,9,8.85865,9.00697
84,10,11.5254,10.7298
84,11,11.8984,10.4708
84,12,11.9422,11.6516
84,13,12.8343,13.0302
84,14,13.6692,13.8702
84,15,14.2416,14.0772
84,16,16.7072,15.977
84,17,17.3185,16.3101
84,18,17.86,18.7456
84,19,20.0943,18.5186
85,0,-0.372738,0.514036
85,1,0.986202,0.717001
85,2,1.37075,1.79663
85,3,2.31738,2.48679
85,4,4.24874,5.16511
85,5,5.35133,5.58604
85,6,6.10496,5.20462
85,7,7.37039,7.80168
85,8,8.21697,8.21509
85,9,8.33852,9.53349
85,10,10.5039,9.72461
85,11,11.166,10.3232
85,12,11.5547,11.7935
85,13,11.7437,12.2562
85,14,14.5603,14.0132
85,15,16.2568,14.7385
85,16,16.3623,16.8215
85,17,16.5618,17.0626
85,18,17.525,18.0773
85,19,18.6174,20.2333
86,0,-0.351325,-0.211559
86,1,1.25524,0.335082
86,2,2.80868,1.9307
86,3,2.56336,4.70931
86,4,3.50967,4.31746
86,5,5.21981,5.25108
86,6,6.10358,6.27937
86,7,7.09889,6.77184
86,8,7.87572,8.63834
86,9,9.5593,9.67657
86,10,10.5305,9.5354
86,11,11.1936,10.3966
86,12,12.2076,12.2965
86,13,12.2992,13.6139
86,14,14.1204,13.7189
86,15,16.0662,15.0111
86,16,15.5749,16.2481
86,17,17.5976,17.2699
86,18,18.1315,17.7346
86,19,19.194,19.7165
87,0,-0.264092,0.55278
87,1,0.851973,0.372472
87,2,2.51866,1.9136
87,3,3.19004,3.60673
87,4,4.47945,3.60482
87,5,5.25882,3.48194
87,6,6.21626,5.45155
87,7,7.26858,7.00976
87,8,7.58526,8.73413
87,9,9.57546,8.70592
87,10,10.1772,10.1321
87,11,10.6661,10.9778
87,12,11.847,11.6738
87,13,12.875,13.1982
87,14,14.6748,13.0935
87,15,15.1598,15.3686
87,16,14.3439,15.4405
87,17,17.7297,17.4255
87,18,18.412,18.8454
87,19,18.7746,19.1498
88,0,0.0521316,0.236111
88,1,0.603588,1.18836
88,2,2.24998,1.85149
88,3,3.34532,3.32365
88,4,4.03302,3.339
88,5,4.60985,5.1237
88,6,5.91405,6.81796
88,7,6.91849,6.2788
88,8,8.01378,7.85077
88,9,9.2919,9.25978
88,10,9.81212,9.9772
88,11,11.7419,11.918
88,12,13.3861,11.9011
88,13,12.6494,12.8734
88,14,14.0414,14.5306
88,15,15.7758,14.5081
88,16,15.5673,16.2813
88,17,17.7449,17.2996
88,18,16.7947,18.1017
88,19,18.8383,19.7834
89,0,-0.357905,-0.0708989
89,1,1.08049,0.75525
89,2,1.67406,1.4286
89,3,3.29884,4.13683
89,4,3.21389,4.13182
89,5,4.47036,5.3343
89,6,6.62472,4.84923
89,7,7.14271,8.07489
89,8,6.99934,8.8717
89,9,9.15427,8.95669
89,10,9.86064,10.4189
89,11,11.2869,10.5583
89,12,13.1175,12.4466
89,13,12.9502,12.6316
89,14,14.5532,14.4837
89,15,15.0332,14.9821
89,16,17.1417,16.1356
89,17,17.7156,17.123
89,18,18.2752,17.7557
89,19,18.2959,18.6534
90,0,-0.5471,0.664622
90,1,1.15588,0.562345
90,2,1.89237,0.879833
90,3,1.72952,2.945
90,4,4.47512,3.81417
90,5,4.56667,5.70634
90,6,5.68948,6.07609
90,7,7.87064,7.27502
90,8,7.98426,8.43895
90,9,8.31947,7.93255
90,10,10.0801,9.82737
90,11,11.4772,10.9232
90,12,11.7506,11.7176
90,13,12.6748,13.472
90,14,14.1197,13.2615
90,15,14.5396,15.4498
90,16,15.2391,16.4366
90,17,15.8129,16.9771
90,18,17.0879,18.6461
90,19,19.3722,19.8066
91,0,0.312557,-1.14625
91,1,1.32343,0.508317
91,2,1.20972,2.56954
91,3,2.36268,2.93871
91,4,3.41283,3.17027
91,5,5.0482,4.59671
91,6,5.36159,6.63601
91,7,6.28507,6.90532
91,8,6.58955,7.71367
91,9,8.79387,9.43279
91,10,9.65505,10.0223
91,11,10.5562,10.798
91,12,11.7773,13.1505
91,13,12.9422,13.7324
91,14,13.2996,13.9881
91,15,14.9832,14.9961
91,16,15.934,15.8834
91,17,17.3969,16.2553
91,18,19.5843,17.2548
91,19,19.2961,18.9256
92,0,-0.662428,-0.480327
92,1,1.16028,-0.051201
92,2,2.77757,1.77842
92,3,2.67211,2.48317
92,4,4.37968,3.94096
92,5,5.0266,4.95377
92,6,5.98091,6.02288
92,7,7.27073,7.27583
92,8,7.48499,8.12287
92,9,9.9933,8.51495
92,10,10.632,10.3798
92,11,11.148,11.316
92,12,11.8213,11.6429
92,13,12.7239,13.371
92,14,13.4558,14.3408
92,15,14.2802,14.0688
92,16,15.9067,15.7386
92,17,16.718,16.8197
92,18,18.6836,17.3893
92,19,18.7317,18.6229
93,0,-0.227565,0.072481
93,1,1.18211,0.127963
93,2,2.69042,2.29772
93,3,3.06644,3.04473
93,4,3.21703,4.01767
93,5,5.48645,5.49079
93,6,5.49256,5.05971
93,7,7.08506,7.29414
93,8,8.88194,7.45109
93,9,9.25255,9.5695
93,10,9.97485,9.51377
93,11,10.9931,10.7418
93,12,11.3962,13.1728
93,13,12.8862,12.2597
93,14,14.0649,14.2896
93,15,14.946,14.2808
93,16,15.8443,15.2069
93,17,17.0321,15.4247
93,18,18.5752,17.7943
93,19,19.5676,17.6727
94,0,0.6446,-0.306157
94,1,2.05372,1.0517
94,2,2.15607,1.62907
94,3,2.89611,3.45867
94,4,3.82202,3.00069
94,5,4.95093,4.81458
94,6,6.86841,6.53188
94,7,6.24549,7.07136
94,8,7.87384,8.20448
94,9,9.69752,8.80302
94,10,10.8063,10.7855
94,11,11.4547,10.4947
94,12,11.2588,11.9568
94,13,13.569,13.066
94,14,13.9368,14.6236
94,15,14.8522,15.6305
94,16,15.9526,16.2467
94,17,16.2518,16.5414
94,18,18.0122,18.081
94,19,19.9049,18.8646
95,0,-0.774181,-0.240405
95,1,0.93984,1.21292
95,2,1.49411,1.45889
95,3,3.64631,3.32957
95,4,4.05312,4.29827
95,5,5.17981,4.78422
95,6,6.18459,5.87184
95,7,7.49499,6.46655
95,8,8.0252,7.82057
95,9,9.12908,8.9762
95,10,9.85036,10.6758
95,11,12.1115,11.0106
95,12,12.3588,11.5607
95,13,12.9902,13.1511
95,14,14.394,13.8086
95,15,15.1537,15.5857
95,16,16.3882,15.1453
95,17,17.1235,17.6099
95,18,17.9987,17.7969
95,19,18.6765,18.3845
96,0,-0.110999,-0.196758
96,1,0.479117,0.785609
96,2,1.6301,1.77185
96,3,3.0635,2.85417
96,4,4.5945,4.59855
96,5,5.49043,4.5427
96,6,5.12241,6.10374
96,7,6.75375,8.17731
96,8,8.19013,8.73272
96,9,9.1482,9.46331
96,10,10.4663,9.65583
96,11,11.1549,10.9714
96,12,12.4342,12.4102
96,13,13.3115,13.8366
96,14,13.8683,14.0632
96,15,15.081,15.2062
96,16,16.489,15.568
96,17,17.6002,16.6955
96,18,18.8176,18.453
96,19,19.0725,19.5657
97,0,-0.113284,0.565394
97,1,0.985138,0.554344
97,2,1.20333,1.09119
97,3,2.94835,2.54243
97,4,4.45326,3.42714
97,5,5.30889,4.55154
97,6,6.04216,6.15809
97,7,7.40502,7.1512
97,8,8.1925,8.37113
97,9,9.47138,9.69064
97,10,10.9538,9.7875
97,11,12.2489,11.0526
97,12,12.3654,12.8815
97,13,13.4396,13.3689
97,14,13.8961,14.3147
97,15,14.9808,14.1418
97,16,14.8486,15.97
97,17,16.3837,16.9529
97,18,17.8497,18.477
97,19,18.9495,18.766
98,0,-0.162331,-0.20205
98,1,1.81752,-0.0752185
98,2,1.64709,1.75843
98,3,3.34669,3.13574
98,4,4.01611,4.00256
98,5,5.12972,4.73552
98,6,5.82168,6.49361
98,7,7.43181,6.20571
98,8,7.71093,8.26688
98,9,9.39498,8.89051
98,10,10.165,9.69116
98,11,10.4946,11.5636
98,12,12.4525,11.8652
98,13,12.0535,12.2417
98,14,14.1567,14.6673
98,15,14.4973,14.4904
98,16,15.4232,16.0533
98,17,17.6948,17.3329
98,18,18.2718,17.0718
98,19,18.4643,18.3714
99,0,0.117598,0.537158
99,1,0.879246,0.943371
99,2,2.17869,2.33435
99,3,3.03597,3.22601
99,4,3.51614,4.85907
99,5,4.24754,4.72451
99,6,6.1789,6.61489
99,7,8.1858,7.75929
99,8,8.14209,8.10451
99,9,7.93867,8.30271
99,10,9.38374,11.0559
99,11,10.2727,10.9596
99,12,11.7972,10.99
99,13,13.0229,13.5182
99,14,14.1107,13.8681
99,15,16.2611,15.672
99,16,16.3353,16.7666
99,17,17.021,17.5593
99,18,18.8249,17.2983
99,19,18.4711,19.7568
